34928,35048,35167,35286,35405,35524,35644,35763,35882,36001,36120,36240,36359,36478,36597,36716,36836,36955,37074,37193,37313,37432,37551,37670,37789,37909,38028,38147,38266,38385,38505,38624,38743,38862,38981,39101,39220,39339,39458,39577,39697,39816,39935,40054,40174,40293,40412,40531,40650,40770,40889,41008,41127,41246,41366,41485,41604,41723,41842,41962,42081,42200,42319,42439,42558,42677,42796,42915,43035,43154,43273,43392,43511,43631,43750,43869,43988,44107,44227,44346,44465,44584,44703,44823,44942
24,20,9,21,19,20,35,31,25,42,32,11,34,32,13,16,35,48,25,29,71,53,24,101,97,74,149,138,148,259,168,163,258,229,281,377,236,160,273,168,62,222,421,356,238,340,483,392,112,245,550,593,268,281,209,759,921,568,692,993,1000,589,276,407,414,276,235,216,151,116,105,111,130,94,37,91,91,32,65,81,32,42,75,45,31
154,152,169,145,145,149,119,136,139,114,142,131,119,151,120,114,134,84,102,111,75,129,123,117,169,143,151,241,121,170,232,74,211,287,27,273,296,72,406,219,244,323,171,130,231,316,316,352,238,299,752,989,465,562,878,1000,468,301,763,706,313,92,68,84,255,156,171,305,142,148,237,113,125,213,93,136,177,68,157,157,80,156,132,69,134
24,17,23,12,12,14,10,23,19,19,26,14,17,27,12,2,10,24,19,13,42,36,27,62,49,8,68,58,71,126,82,61,128,73,87,132,131,79,228,102,134,277,239,196,232,365,352,360,171,368,658,537,186,316,764,1000,723,466,541,628,479,209,100,219,184,59,109,134,92,59,61,88,91,29,54,82,48,24,63,43,8,48,41,7,31
38,31,61,43,26,52,32,11,31,12,28,23,12,36,14,20,32,22,25,11,54,50,17,73,67,17,97,49,107,162,83,115,184,96,170,265,45,217,218,280,432,463,458,480,600,518,605,415,175,356,525,534,687,891,1000,936,401,288,189,234,272,526,593,391,282,189,173,180,68,165,236,141,30,114,93,14,49,58,40,32,25,52,40,13,53
152,118,165,155,129,170,134,132,161,102,133,136,83,149,118,92,158,89,118,143,43,160,125,87,223,148,127,279,160,137,253,51,280,271,41,285,312,175,469,345,152,476,467,271,749,735,737,598,404,311,585,671,986,999,947,366,439,664,356,359,203,220,227,173,66,232,276,133,142,239,92,149,204,37,162,164,77,188,160,91,172,115,82,133,52
71,55,30,60,61,57,11,47,47,57,8,18,63,14,14,68,57,30,14,83,33,100,84,116,96,88,188,123,136,69,131,61,211,194,165,312,425,231,164,201,71,307,430,707,740,574,484,110,276,384,515,320,573,789,1000,779,351,299,865,917,791,437,33,138,254,92,71,71,105,100,112,102,81,69,25,76,13,42,44,61,38,38,46,31,28
71,55,30,60,61,57,11,47,47,57,8,18,63,14,14,68,57,30,14,83,33,100,84,116,96,88,188,123,136,69,131,61,211,194,165,312,425,231,164,201,71,307,430,707,740,574,484,110,276,384,515,320,573,789,1000,779,351,299,865,917,791,437,33,138,254,92,71,71,105,100,112,102,81,69,25,76,13,42,44,61,38,38,46,31,28
258,249,226,239,218,225,218,208,196,174,148,114,87,39,17,51,75,106,148,175,220,244,266,261,278,279,355,327,373,360,446,434,471,507,597,479,651,635,408,604,621,643,292,437,532,651,369,580,1000,447,289,302,347,957,715,722,591,348,276,268,285,574,532,439,358,387,449,345,331,287,246,222,244,231,219,183,183,197,177,199,175,177,163,164,153
32,20,20,47,29,15,43,30,10,35,34,32,22,32,41,23,34,48,37,30,30,45,50,17,77,86,35,56,84,30,67,102,58,71,59,43,143,84,128,242,178,117,200,161,64,49,136,305,303,268,633,653,421,422,556,555,328,469,957,1000,695,249,202,205,141,134,178,211,174,89,102,144,84,53,120,98,35,60,59,40,38,45,57,38,21
32,27,23,33,38,38,36,41,45,42,33,24,40,37,21,19,44,44,34,35,55,53,35,54,83,66,58,74,102,94,37,110,142,99,128,168,97,73,182,148,97,440,181,348,298,258,355,472,399,522,324,497,576,230,1000,493,875,897,354,269,323,254,235,78,129,135,30,151,95,75,45,72,74,40,40,34,44,16,28,32,33,22,33,36,44
32,27,23,33,38,38,36,41,45,42,33,24,40,37,21,19,44,44,34,35,55,53,35,54,83,66,58,74,102,94,37,110,142,99,128,168,97,73,182,148,97,440,181,348,298,258,355,472,399,522,324,497,576,230,1000,493,875,897,354,269,323,254,235,78,129,135,30,151,95,75,45,72,74,40,40,34,44,16,28,32,33,22,33,36,44
17,108,94,21,87,27,80,72,37,80,34,32,20,69,61,19,32,51,61,14,63,62,86,41,113,158,41,93,67,107,122,47,205,148,139,261,189,125,201,184,66,45,153,196,148,166,263,161,338,513,624,868,1000,904,866,673,370,314,285,434,558,409,379,280,28,128,69,168,158,39,29,62,147,102,22,49,55,83,39,25,33,57,55,40,37
767,786,787,784,795,801,802,795,774,739,716,684,657,630,629,625,604,601,603,594,603,612,657,683,722,753,802,836,852,871,878,905,924,967,977,983,1000,889,927,912,948,876,745,764,833,780,548,627,511,514,401,199,137,506,294,252,198,280,403,298,350,422,456,561,597,646,680,715,744,777,789,788,794,791,780,757,762,740,716,689,650,609,560,527,493
18,27,28,22,10,8,20,24,23,17,16,21,26,23,16,11,22,31,32,22,12,32,45,63,49,33,30,42,49,68,38,34,108,109,25,170,212,138,169,52,233,411,199,205,158,118,430,433,191,297,359,368,809,777,999,871,377,285,435,871,553,137,209,79,138,203,190,121,100,22,67,92,105,74,40,24,54,81,74,55,35,38,61,70,60
26,15,28,29,22,22,28,28,26,20,19,23,24,17,19,22,19,17,14,6,29,15,18,55,30,49,50,75,62,135,8,124,134,99,167,244,229,209,307,329,47,263,135,231,406,83,842,249,402,750,320,1000,768,643,455,209,871,155,629,437,322,265,130,295,109,76,84,53,84,17,75,37,63,49,7,23,24,27,16,26,28,24,14,27,31
799,815,836,840,842,837,817,809,777,757,724,717,682,667,659,639,629,625,611,615,626,648,683,703,742,797,812,837,892,922,911,954,986,979,984,1000,969,976,975,974,860,877,791,886,764,603,762,507,518,493,465,57,236,481,321,227,416,234,307,277,401,351,556,549,576,670,741,741,763,781,799,798,783,796,799,795,778,764,741,704,677,616,582,537,504
34,20,53,33,24,57,32,28,55,33,38,51,42,46,40,56,64,40,65,67,45,80,72,68,105,63,92,135,54,68,122,74,142,191,149,173,190,172,163,311,323,447,527,371,377,514,486,519,748,593,479,440,743,640,561,629,999,893,532,675,629,420,305,307,327,307,196,122,190,194,109,128,174,125,87,123,105,84,98,87,78,78,63,80,75
57,62,3,60,58,16,56,42,32,57,28,48,56,28,48,50,47,45,43,68,38,52,96,42,73,100,57,135,120,65,144,77,119,214,106,122,187,151,100,381,470,406,488,362,550,773,681,629,828,559,560,818,734,436,323,558,1000,908,778,975,888,537,241,185,280,328,188,136,252,184,62,165,172,85,86,114,116,94,54,90,97,42,68,101,51
21,37,22,28,44,21,29,45,24,31,44,33,34,39,43,44,33,54,56,38,59,60,48,65,56,60,82,52,56,91,69,66,130,119,120,159,134,107,220,175,159,143,104,217,254,160,161,267,269,404,625,842,610,549,805,1000,795,427,459,482,303,181,134,125,114,99,96,144,146,80,90,127,98,73,96,86,62,76,75,56,59,57,54,56,43
50,48,2,47,44,12,43,35,27,37,23,41,36,26,48,42,33,37,51,60,40,79,95,53,106,126,84,124,145,132,162,113,120,213,155,114,241,219,206,407,431,443,339,387,470,533,409,209,507,538,383,546,559,420,484,745,1000,768,425,572,608,416,236,225,274,261,147,127,199,155,61,165,160,73,93,100,86,74,53,82,75,27,67,74,31
51,9,42,31,18,42,10,43,48,5,43,38,20,22,37,52,24,47,65,35,69,60,41,67,27,109,142,26,125,178,74,94,105,39,76,92,22,82,39,267,315,123,334,571,547,501,143,437,927,898,446,372,546,584,357,442,593,718,806,993,1000,720,443,265,352,371,227,87,203,165,46,79,87,22,26,39,59,35,39,84,53,39,81,56,6
42,46,9,44,49,20,39,40,31,46,38,42,50,36,52,57,43,57,57,58,69,54,66,77,48,102,135,69,75,121,96,178,233,193,217,240,206,209,136,50,209,262,262,308,284,182,258,283,378,544,799,1000,804,779,527,885,748,612,511,579,427,226,137,130,137,131,103,154,172,102,76,131,118,77,100,102,75,80,80,64,71,64,58,69,58
44,18,45,43,7,34,25,16,31,8,27,32,1,27,19,12,18,15,35,3,50,72,16,57,70,33,90,78,27,101,90,134,263,193,251,337,151,97,157,85,120,179,307,312,325,156,180,205,153,320,721,882,844,510,358,1000,827,737,370,486,433,165,60,83,129,90,88,179,180,74,85,150,113,57,81,72,60,53,32,69,64,13,61,62,10
37,41,6,38,48,11,34,48,16,23,39,28,26,32,41,38,20,44,48,21,48,48,21,51,53,64,98,65,53,158,155,73,149,189,82,194,288,167,195,155,183,175,334,218,342,337,427,459,500,434,470,527,393,471,805,999,718,389,566,807,637,240,75,172,188,129,109,118,76,82,101,85,97,97,52,71,83,49,51,68,39,39,61,37,23
132,110,99,138,97,103,131,75,113,124,63,122,109,64,129,82,72,123,48,93,111,36,127,109,77,178,90,114,194,51,165,243,66,220,254,49,279,267,88,230,329,69,280,393,199,372,354,274,591,657,701,905,697,549,839,1000,775,545,504,606,363,223,221,100,250,249,28,236,258,31,191,206,14,168,152,35,172,112,72,162,78,92,147,49,95
18,23,17,18,25,17,13,15,7,4,5,4,8,2,11,11,7,14,12,0,4,9,20,13,23,53,38,40,86,57,13,90,103,76,111,70,106,153,141,57,27,45,146,221,94,132,137,30,165,329,394,355,479,359,174,714,1000,661,451,392,310,222,171,168,166,104,65,81,110,76,38,79,84,47,64,70,35,43,54,33,33,44,33,38,36
37,11,33,37,9,37,45,12,27,34,18,21,25,34,38,22,39,38,24,58,54,36,44,29,69,111,63,63,117,108,124,218,153,90,229,263,217,154,87,91,243,242,302,265,160,457,644,543,638,522,587,1000,824,818,424,613,463,48,933,817,428,153,61,119,178,184,98,139,140,57,101,139,83,42,100,84,45,70,64,46,56,50,45,53,37
43,11,43,22,28,34,14,53,44,15,51,38,5,29,48,44,5,56,46,11,42,29,44,37,62,121,79,89,216,173,36,112,115,212,231,161,360,384,306,451,233,74,212,269,332,253,128,395,637,152,214,275,784,779,1000,902,714,456,715,808,593,297,14,223,288,265,110,255,300,160,90,141,91,49,74,64,59,12,60,84,36,46,74,36,20
9,45,10,45,15,44,21,37,25,35,33,29,31,32,30,37,35,39,30,51,55,52,69,44,80,46,134,76,130,50,131,127,130,94,125,164,129,252,174,209,94,131,237,370,375,293,310,231,200,145,325,345,537,720,1000,861,752,548,399,281,99,204,267,310,288,102,152,107,170,82,128,99,103,101,84,103,55,84,47,70,42,57,44,50,51
56,38,19,48,29,31,46,18,47,53,20,53,53,29,46,54,55,45,56,90,63,59,116,90,64,110,85,71,111,58,134,171,66,148,230,151,249,382,281,356,466,399,251,275,206,437,523,477,747,626,230,80,687,636,837,1000,835,810,427,506,600,692,439,320,384,298,167,125,148,174,167,98,144,172,84,76,138,95,53,96,85,56,69,65,62
29,35,24,26,29,30,20,4,13,22,17,2,15,12,19,1,33,19,13,7,48,43,10,35,30,54,24,38,49,68,101,133,126,17,69,177,131,284,184,353,135,348,198,107,342,50,431,336,730,783,527,762,752,419,1000,583,357,256,512,203,167,144,145,247,47,111,111,123,97,90,39,13,33,10,23,29,25,7,17,7,22,16,9,3,17
742,751,759,772,786,790,772,747,718,708,685,683,654,624,591,572,572,579,581,578,585,600,625,672,698,731,769,759,808,858,870,898,918,920,873,961,879,945,1000,806,814,820,827,709,696,716,564,512,555,396,318,479,225,89,193,291,68,281,420,166,425,422,421,520,569,621,683,691,703,713,735,767,779,778,760,726,712,703,686,671,619,581,528,506,476
183,158,157,181,145,163,171,122,159,152,121,168,133,128,172,110,122,146,76,147,130,88,175,133,148,217,134,184,237,74,234,272,56,273,245,149,290,281,66,329,363,26,505,313,82,253,257,399,693,321,599,1000,747,472,384,517,557,482,828,899,696,433,192,99,363,277,74,299,257,37,215,196,48,215,135,121,233,128,140,208,105,139,165,53,122
24,20,14,3,10,20,25,25,17,5,8,21,28,27,19,8,8,24,33,32,31,20,2,25,42,28,33,41,20,63,36,43,88,104,4,97,93,139,126,49,156,174,207,255,307,307,342,372,226,495,600,528,839,634,640,930,1000,713,507,791,525,255,114,31,68,135,154,95,130,65,3,40,74,88,91,77,39,21,37,63,69,65,44,25,26
152,173,149,182,177,161,179,151,148,151,122,149,134,141,154,112,135,112,112,128,101,147,138,147,202,136,160,188,122,228,168,200,203,148,252,249,182,254,247,54,195,22,352,187,410,639,351,164,395,276,620,949,530,655,859,1000,577,379,741,753,529,240,75,296,349,134,242,343,61,231,212,51,200,162,155,209,164,171,143,111,136,84,117,111,99
112,173,160,134,203,161,151,210,142,155,194,100,146,153,61,159,121,102,201,112,134,204,83,175,208,72,182,161,97,252,229,143,298,173,253,398,300,62,269,186,430,751,450,382,646,360,327,689,618,501,723,820,967,484,403,970,1000,857,623,721,548,244,341,540,320,252,314,130,203,280,78,218,300,89,225,265,77,195,205,37,165,131,54,167,97
19,30,9,31,35,3,38,43,9,33,40,16,27,39,35,22,27,49,34,27,61,44,37,63,44,47,56,53,101,87,37,89,86,54,171,179,67,62,138,146,124,103,60,225,264,128,260,344,206,349,836,1000,817,626,824,841,459,241,510,491,277,185,154,127,80,67,104,138,120,56,105,115,54,84,109,66,60,91,66,44,56,54,52,47,35
174,119,149,169,110,171,161,109,182,139,114,181,101,122,162,56,140,137,50,180,129,99,224,123,133,231,64,200,272,29,304,323,16,350,259,147,389,340,164,328,257,227,620,613,515,571,527,132,517,337,682,911,999,600,504,763,772,626,788,807,718,687,292,170,407,219,158,339,188,143,267,91,194,274,82,206,253,75,189,201,48,169,131,47,151
174,119,149,169,110,171,161,109,182,139,114,181,101,122,162,56,140,137,50,180,129,99,224,123,133,231,64,200,272,29,304,323,16,350,259,147,389,340,164,328,257,227,620,613,515,571,527,132,517,337,682,911,999,600,504,763,772,626,788,807,718,687,292,170,407,219,158,339,188,143,267,91,194,274,82,206,253,75,189,201,48,169,131,47,151
39,27,15,41,25,16,40,22,17,32,21,22,23,27,37,25,34,43,22,42,46,46,69,50,40,74,34,88,161,129,105,141,127,41,54,155,239,292,306,267,275,231,204,404,405,548,565,392,322,131,275,498,501,593,642,1000,682,367,326,347,145,78,160,211,192,70,89,141,74,41,100,107,59,53,66,49,50,52,54,58,36,35,55,34,29
16,35,13,33,47,17,32,49,21,28,51,34,27,40,43,35,29,61,58,28,60,69,24,49,58,58,90,77,84,130,103,63,199,229,202,305,239,78,25,52,230,376,426,330,262,255,103,134,247,527,818,1000,515,362,644,950,677,664,878,783,433,253,46,199,233,126,180,186,157,116,64,113,135,68,93,130,78,59,95,59,45,73,59,50,52
36,31,43,34,25,20,19,30,15,19,18,14,12,13,19,10,1,26,23,26,16,54,62,31,22,17,61,30,12,43,41,6,54,139,107,100,130,212,254,505,180,172,192,171,303,272,188,260,443,685,19,999,303,931,449,600,130,450,375,292,347,536,368,305,269,85,99,40,9,63,123,28,83,74,17,19,28,31,30,16,8,44,27,6,3
379,366,331,283,243,197,204,182,207,213,201,186,129,98,20,86,124,192,239,256,255,234,228,241,268,368,471,524,593,625,548,475,461,372,428,586,650,606,786,762,742,601,643,249,312,579,595,978,1000,928,573,385,266,359,521,554,691,981,155,666,470,523,373,315,242,366,390,381,367,383,345,312,328,282,265,208,205,199,201,184,236,209,188,164,146
10,26,25,16,47,28,27,57,35,13,40,31,15,14,38,31,13,39,22,10,23,29,41,12,82,115,64,103,176,121,95,158,135,130,183,170,324,300,165,410,445,333,372,551,568,640,496,366,489,198,276,486,297,74,224,729,1000,601,87,594,478,407,157,288,307,228,118,35,100,87,44,95,125,41,68,72,22,33,39,52,35,16,58,47,11
17,36,27,30,42,19,37,56,25,35,59,38,25,47,48,36,35,62,55,25,67,79,34,73,84,58,87,68,47,80,65,104,176,139,142,208,130,40,207,301,211,183,328,368,323,165,212,439,630,423,628,793,506,643,835,998,1000,837,796,613,352,195,340,395,263,211,261,195,118,126,126,130,134,104,116,125,74,85,108,69,64,96,71,52,75
24,34,12,26,38,14,26,40,24,24,36,30,29,31,38,38,27,40,44,30,44,49,45,52,42,48,64,35,44,79,60,74,122,85,79,124,74,63,114,167,162,159,116,146,246,239,216,330,434,352,324,425,437,502,748,1000,870,608,562,519,313,132,104,163,171,153,96,89,115,96,57,99,107,64,67,81,57,57,66,53,51,56,49,50,47
32,33,42,31,16,24,38,26,12,13,30,28,7,19,28,7,2,35,30,21,11,67,39,27,36,49,51,29,49,21,144,61,77,40,121,141,52,216,129,306,173,430,482,275,259,530,376,499,1000,435,346,510,277,513,826,634,564,950,760,332,238,229,51,315,131,109,141,95,108,51,76,86,115,34,31,24,42,57,18,3,38,52,10,7,31
52,32,67,21,48,16,58,30,21,18,35,29,8,32,19,28,11,41,30,45,20,74,10,112,65,65,106,134,62,123,94,105,44,128,98,59,125,78,200,277,133,146,40,214,113,129,213,471,450,376,483,733,1000,889,674,383,549,690,655,550,201,60,96,154,72,170,65,79,68,103,33,43,70,66,30,26,88,93,8,39,66,83,20,37,60
785,800,802,813,810,813,805,794,779,770,751,726,705,661,633,613,595,588,596,616,638,668,699,713,752,785,790,814,832,881,916,961,970,979,998,974,1000,999,967,883,936,799,874,837,685,575,721,595,577,501,457,57,148,289,133,103,371,300,187,359,347,433,525,497,634,715,739,727,735,761,785,790,807,810,804,802,768,752,728,679,648,616,576,536,498
47,49,15,47,37,32,56,29,37,56,28,43,57,46,48,48,62,56,54,99,80,57,99,84,106,135,96,149,189,145,152,159,136,241,269,166,286,298,253,380,410,499,449,357,450,654,617,406,719,921,813,509,401,613,1000,635,681,432,23,161,260,400,409,319,265,260,229,125,156,205,149,101,148,126,66,88,81,75,75,50,76,72,29,64,68
51,69,18,50,44,20,65,42,36,72,40,38,65,57,42,50,88,83,46,101,87,68,161,146,97,143,151,214,253,140,163,345,359,342,385,308,507,586,492,428,649,745,824,790,682,799,981,578,792,818,935,897,1000,587,319,365,557,302,407,258,203,493,559,396,368,353,357,291,126,270,290,109,137,190,101,70,82,60,88,41,53,95,37,48,75
5,29,20,14,30,14,23,36,13,28,38,16,27,39,33,26,32,49,40,30,62,47,45,88,76,53,103,103,113,124,65,106,163,83,117,108,42,17,146,138,155,301,229,195,375,495,538,529,383,544,1000,856,522,752,806,663,366,408,406,336,120,205,216,133,44,133,171,154,100,97,114,118,71,60,110,81,33,79,73,36,62,66,43,51,56
49,40,12,55,46,8,57,53,18,46,50,40,43,48,63,50,47,71,60,52,73,62,80,92,59,84,95,75,162,188,110,158,266,188,172,255,202,300,367,254,326,346,308,379,320,264,533,693,508,581,663,730,465,568,747,999,681,290,590,740,520,183,146,235,279,201,118,217,243,134,124,198,148,83,135,128,86,99,93,71,76,65,66,65,48
29,21,8,34,25,10,36,30,7,27,26,17,25,27,33,23,26,46,32,18,35,38,52,50,40,82,83,25,95,146,104,108,128,68,122,168,104,175,271,253,244,187,35,98,237,342,493,443,202,442,352,328,163,414,816,1000,633,239,345,451,217,64,38,84,111,94,55,77,93,35,62,101,77,28,62,57,25,49,54,35,34,37,33,32,22
35,34,31,22,18,22,31,36,36,30,19,13,29,37,44,46,35,19,20,28,54,63,56,51,39,8,42,92,141,99,110,195,137,87,107,86,336,385,202,87,240,323,441,408,273,602,573,376,233,392,880,883,449,756,805,1000,396,443,452,625,521,572,438,304,318,160,26,37,120,148,154,102,97,58,51,74,87,95,83,65,48,51,63,76,82
37,35,26,15,16,29,40,42,39,26,11,18,36,46,44,42,29,16,29,42,50,54,48,26,43,51,41,74,63,58,99,123,143,164,156,364,409,359,294,516,600,643,646,985,1000,839,554,704,984,458,699,635,655,304,478,257,602,363,662,828,750,721,463,138,139,63,124,125,159,105,113,65,84,98,101,93,76,68,59,71,78,85,83,66,62
17,3,7,8,6,9,14,3,6,10,19,14,8,14,27,21,8,10,22,27,20,10,20,39,9,40,23,53,12,47,86,57,90,103,109,85,90,176,158,143,117,83,271,109,226,212,410,235,522,196,519,314,136,53,323,324,1000,569,415,372,254,163,71,232,220,127,120,100,58,49,111,69,50,34,61,69,30,24,47,56,24,25,33,43,20
12,65,19,5,23,28,24,26,34,49,43,39,5,14,1,49,55,26,45,33,53,50,51,48,57,14,43,38,23,92,30,63,60,127,61,147,112,192,181,72,73,342,223,188,236,302,620,581,361,248,289,1000,118,660,428,581,758,776,489,160,107,96,180,95,57,92,83,87,29,45,29,50,52,54,42,62,18,41,24,23,36,24,47,47,23
12,65,19,5,23,28,24,26,34,49,43,39,5,14,1,49,55,26,45,33,53,50,51,48,57,14,43,38,23,92,30,63,60,127,61,147,112,192,181,72,73,342,223,188,236,302,620,581,361,248,289,1000,118,660,428,581,758,776,489,160,107,96,180,95,57,92,83,87,29,45,29,50,52,54,42,62,18,41,24,23,36,24,47,47,23
2,15,13,12,21,5,22,33,14,21,35,17,12,29,24,8,24,37,23,14,50,42,14,53,50,26,58,67,81,80,46,135,197,110,93,133,122,130,321,281,146,41,182,270,162,93,303,425,454,198,466,375,171,209,652,1000,495,115,393,522,381,64,72,125,90,43,84,105,83,25,81,117,71,20,84,74,18,56,62,26,29,44,37,21,26
33,66,36,32,63,29,33,51,30,38,34,36,55,36,44,62,52,52,55,82,85,47,113,131,77,140,148,126,215,223,132,210,217,207,268,271,376,476,237,84,542,682,514,433,524,614,809,447,727,727,806,352,879,1000,693,349,650,849,550,260,537,562,401,149,254,322,258,163,91,200,209,76,148,182,81,71,126,83,53,79,72,64,42,60,76
42,9,40,50,15,38,48,13,30,38,15,20,30,42,36,24,53,39,19,46,40,53,59,38,74,69,50,122,102,21,130,123,80,157,149,123,121,140,141,174,137,266,526,457,530,682,799,602,443,646,636,217,470,958,1000,739,200,753,922,653,311,206,235,190,85,130,203,155,29,143,189,113,71,105,68,54,78,65,58,47,40,66,51,27,68
40,32,13,30,38,31,5,14,24,17,5,13,24,9,5,31,27,16,12,33,43,47,17,74,57,47,49,72,20,10,35,109,77,106,35,84,59,249,375,220,181,142,309,351,164,293,531,289,361,361,287,360,830,603,917,466,252,1000,253,999,186,321,346,35,70,163,167,82,35,51,57,109,36,66,53,47,26,5,34,55,28,5,32,32,22
43,39,15,46,37,37,9,34,20,36,10,14,29,23,5,23,49,7,27,40,67,27,15,81,57,45,53,14,94,168,86,102,106,280,237,251,118,65,65,188,258,339,170,178,238,351,296,136,198,426,724,907,1000,950,558,189,167,305,220,162,30,55,42,120,59,88,63,137,55,45,53,73,14,11,59,37,27,18,41,16,40,29,27,15,26
119,94,125,93,63,101,102,92,17,88,75,84,56,95,40,83,68,91,103,12,125,34,217,69,83,169,380,111,164,160,422,199,405,372,301,700,588,442,430,776,878,1000,869,470,494,801,619,199,455,536,740,847,674,773,431,538,693,717,771,207,264,194,90,421,336,221,217,121,137,104,114,76,114,134,26,88,86,84,82,114,134,169,44,21,60
792,815,807,815,818,808,797,796,777,765,747,717,694,671,638,619,611,605,614,623,638,665,677,711,737,767,792,817,863,889,943,962,985,968,954,950,971,1000,942,835,968,808,786,839,794,637,589,556,548,474,187,326,455,165,147,156,70,164,353,445,407,405,455,502,597,641,696,757,776,794,814,809,815,809,774,773,758,740,717,692,656,630,601,556,512
95,140,142,94,154,121,98,155,98,127,156,83,141,133,56,142,84,86,144,35,147,152,58,195,144,72,205,98,159,282,84,152,190,101,296,349,121,160,223,198,491,363,36,204,287,570,793,572,345,740,969,1000,756,601,836,909,994,658,336,259,314,412,342,125,247,340,138,175,222,50,230,224,14,230,213,43,195,143,63,162,76,97,145,43,115
34,64,45,34,74,59,34,71,69,50,68,74,69,67,77,91,81,81,105,95,92,116,114,129,137,125,161,180,141,176,263,192,242,320,262,280,373,401,477,595,595,596,664,590,657,694,610,734,1000,609,338,602,910,974,708,526,951,810,359,351,672,468,257,328,308,258,206,129,166,210,155,116,179,134,81,138,117,67,110,106,79,85,90,85,82
63,58,25,70,62,17,47,41,9,23,18,37,21,23,45,20,27,40,47,51,37,110,109,35,138,139,50,180,202,125,215,187,243,362,294,322,450,486,436,686,763,702,935,942,553,410,402,789,975,381,603,1000,906,683,798,186,596,826,323,176,532,293,87,151,236,203,79,83,135,89,117,152,130,52,106,110,41,45,57,58,48,14,76,78,14
33,4,34,35,9,29,29,16,34,27,19,37,31,26,37,35,38,42,49,56,37,46,70,53,70,118,88,74,129,117,86,114,116,127,198,178,184,256,272,181,262,176,79,209,210,246,286,352,295,427,565,680,586,410,239,866,1000,790,542,564,474,305,143,166,177,169,84,96,151,108,48,105,109,53,74,80,45,60,66,43,44,41,38,47,36
33,4,34,35,9,29,29,16,34,27,19,37,31,26,37,35,38,42,49,56,37,46,70,53,70,118,88,74,129,117,86,114,116,127,198,178,184,256,272,181,262,176,79,209,210,246,286,352,295,427,565,680,586,410,239,866,1000,790,542,564,474,305,143,166,177,169,84,96,151,108,48,105,109,53,74,80,45,60,66,43,44,41,38,47,36
44,13,42,38,11,42,34,7,30,20,20,27,11,28,23,24,42,35,45,44,55,78,41,70,122,78,110,167,130,213,234,163,204,242,186,280,394,214,303,320,295,470,484,147,129,528,818,995,859,720,842,702,68,446,999,872,363,87,350,419,372,36,309,289,101,124,176,161,145,128,134,157,78,63,138,114,13,82,99,45,34,62,45,29,46
16,15,15,17,16,5,9,10,12,6,8,7,10,2,11,15,16,6,23,22,14,22,22,31,23,20,14,42,40,27,30,38,60,161,37,125,159,150,186,160,175,182,331,147,135,295,166,135,405,355,137,511,480,125,699,30,999,299,556,240,145,178,24,299,132,148,193,15,40,97,79,55,71,39,50,37,23,27,41,22,22,22,28,25,12
353,373,358,319,320,276,228,227,185,156,147,135,108,95,83,57,53,92,154,193,249,295,335,355,412,372,419,462,406,480,576,603,582,542,673,524,581,587,726,840,797,679,302,780,258,663,784,777,728,722,704,664,773,823,147,582,1000,872,804,570,644,525,375,318,243,344,344,381,391,435,422,380,384,365,305,260,226,200,165,167,209,193,204,185,182
49,54,5,49,43,14,44,31,29,36,18,47,41,27,45,43,44,36,66,74,37,81,87,55,111,99,80,133,120,109,163,74,154,212,157,199,236,182,390,469,498,555,509,390,326,225,255,480,571,345,363,671,555,653,345,525,439,725,966,1000,623,320,83,97,179,173,15,164,167,37,93,103,75,68,54,87,87,6,78,86,14,62,73,33,35
31,28,21,9,22,32,18,2,13,11,20,12,14,20,15,20,24,18,7,21,36,24,7,7,48,62,32,24,41,63,105,98,166,84,180,135,82,182,201,97,67,188,217,147,100,284,277,317,301,354,122,346,426,979,493,749,699,1000,768,315,89,346,54,250,78,139,38,89,67,7,32,69,52,41,22,48,46,28,14,34,20,25,7,23,13
259,264,243,223,227,215,206,191,160,149,132,98,69,53,49,67,67,115,115,149,185,193,237,272,278,334,373,361,398,380,372,424,452,510,489,571,363,420,529,529,651,525,573,405,497,613,573,610,298,476,158,351,704,731,935,341,1000,354,495,225,161,254,341,315,363,400,395,415,385,363,338,280,235,212,200,145,142,145,141,175,182,189,202,188,156
38,23,48,30,10,30,13,31,25,9,43,33,7,29,23,9,16,38,37,9,55,53,5,41,25,58,87,38,78,117,102,191,206,53,127,213,140,196,231,155,258,236,255,169,7,415,702,697,155,317,547,784,581,712,747,1000,374,218,490,388,182,134,264,283,142,34,155,206,101,63,141,103,41,60,70,73,35,26,75,52,14,66,57,3,39
166,132,151,176,133,165,162,117,154,116,114,147,94,142,136,97,153,91,101,137,47,160,135,88,222,132,170,279,64,250,295,80,317,300,104,427,382,146,450,368,29,371,376,364,428,261,664,864,530,721,959,664,419,885,1000,663,519,431,230,289,212,148,290,179,128,273,156,40,183,76,163,250,153,188,231,123,160,160,67,135,94,89,138,73,127
124,94,138,112,100,141,96,114,142,79,129,129,64,137,100,65,139,59,102,150,19,160,161,34,216,188,70,246,149,179,336,197,234,413,175,315,469,245,337,422,203,400,473,274,476,445,371,537,457,468,676,789,596,477,625,999,643,361,439,451,372,120,81,173,227,116,154,203,24,142,126,29,162,122,76,187,127,83,170,99,80,132,55,71,87
61,48,20,53,39,42,59,36,55,66,32,59,72,55,63,73,73,69,67,106,96,67,124,118,65,152,152,83,132,126,143,205,166,171,264,241,212,370,484,387,497,519,465,481,542,457,515,632,517,589,651,842,989,1000,705,717,839,717,609,760,766,580,278,151,309,333,209,137,218,179,95,151,150,121,120,87,111,125,73,97,114,61,80,105,66
128,161,101,148,158,102,175,155,104,179,127,105,169,77,114,149,36,149,133,64,200,135,99,221,95,149,249,93,195,261,37,293,339,104,259,306,43,343,350,290,505,490,260,473,485,557,842,509,356,515,520,589,849,973,1000,455,461,883,761,550,260,386,488,240,244,413,254,110,262,157,164,289,132,144,263,117,155,238,90,138,183,37,139,130,26
42,41,16,44,45,25,42,42,34,46,43,47,52,43,53,55,52,64,63,65,70,61,86,97,71,96,109,70,115,149,136,153,162,115,170,239,235,273,294,225,255,276,347,433,469,338,132,270,436,527,533,597,600,452,520,968,1000,609,424,445,429,260,165,156,170,148,94,115,140,102,75,118,104,78,100,93,68,82,75,67,72,63,62,70,50
107,161,125,118,174,123,127,173,110,128,161,78,124,143,54,132,128,47,150,121,76,175,123,85,194,140,87,214,114,137,288,210,91,337,229,180,418,334,230,387,288,178,493,438,416,652,554,710,729,497,564,1000,795,658,902,812,867,378,372,575,386,247,157,53,254,273,2,241,248,52,186,213,32,179,202,41,171,171,41,165,150,59,152,124,59
12,41,11,56,16,44,20,40,19,42,38,30,25,39,33,26,25,56,41,44,46,45,44,48,76,63,121,85,168,91,43,20,127,65,140,128,168,226,246,458,369,348,320,213,177,86,238,513,722,883,1000,847,674,389,64,211,462,815,780,679,348,196,199,255,212,110,182,118,157,79,120,79,81,76,79,86,45,76,42,68,45,76,56,52,46
26,63,42,20,62,42,24,53,35,40,53,35,51,53,36,61,58,49,62,52,72,72,52,99,86,55,133,104,8,128,145,99,186,145,103,186,175,232,406,338,165,458,540,308,278,68,151,499,844,802,727,411,740,884,888,839,883,999,426,513,581,500,370,196,279,404,281,85,165,232,149,103,181,153,84,114,124,90,83,86,85,82,66,81,91
28,32,32,20,26,23,19,10,11,17,10,5,7,9,11,11,22,20,6,17,12,29,10,22,20,24,62,57,60,112,106,120,198,141,244,179,356,158,97,96,70,270,117,218,600,416,489,532,373,1000,461,827,601,373,562,473,101,513,187,315,139,245,251,216,135,159,32,116,158,53,106,35,26,37,45,17,57,46,7,30,30,21,17,11,18
386,356,381,391,353,305,273,260,277,246,197,136,136,156,150,109,124,201,241,255,247,319,395,402,431,417,438,502,572,554,504,537,591,596,593,654,506,549,662,687,425,787,501,248,771,897,269,552,255,891,458,451,612,577,994,1000,373,250,695,434,514,557,479,485,505,488,455,414,392,419,407,377,356,312,298,283,263,222,215,216,165,124,127,98,65
182,157,155,195,156,187,201,154,200,172,128,167,116,134,153,102,164,145,122,167,111,134,140,120,197,126,199,226,111,260,285,111,238,241,180,418,193,331,333,137,424,516,168,543,559,468,620,459,454,535,483,298,590,767,805,439,589,1000,250,261,488,690,707,307,274,483,181,159,259,71,176,209,95,273,241,157,262,169,129,181,84,129,125,84,156
93,135,95,132,94,121,109,122,108,97,101,94,117,80,97,61,112,66,117,42,107,67,131,74,125,69,135,127,140,91,172,208,137,327,96,259,193,123,186,213,141,262,275,281,567,444,317,312,381,364,538,662,969,1000,856,456,354,407,369,254,106,98,98,151,55,198,113,128,64,134,127,118,175,67,116,77,163,82,127,66,101,83,102,81,63
11,42,23,46,17,23,8,43,29,18,14,32,21,26,36,36,23,27,30,15,6,58,63,27,55,26,69,28,75,15,100,64,170,142,90,98,60,132,82,187,78,84,187,318,315,324,382,361,252,107,358,491,404,147,671,902,1000,905,666,626,555,327,141,129,264,160,90,25,125,60,59,67,93,62,55,93,54,45,33,70,32,29,41,42,22
108,141,144,114,151,130,111,143,103,118,133,88,129,118,87,134,90,93,122,47,121,110,85,179,115,119,185,107,148,200,24,247,182,98,302,223,78,326,258,171,424,323,28,266,298,398,485,325,281,454,324,416,672,553,683,751,1000,547,125,201,346,509,454,175,215,331,127,134,212,68,120,166,26,189,180,84,202,154,80,165,95,72,121,36,93
47,50,22,36,30,8,32,16,23,34,11,31,32,2,23,19,13,4,37,34,16,52,37,31,73,39,70,87,34,130,141,117,234,124,120,226,242,168,209,209,393,509,446,385,224,166,183,500,827,520,74,384,451,673,918,1000,806,292,702,923,747,440,361,99,142,194,63,165,148,49,73,85,78,58,18,83,93,37,41,62,23,39,58,34,7
47,50,22,36,30,8,32,16,23,34,11,31,32,2,23,19,13,4,37,34,16,52,37,31,73,39,70,87,34,130,141,117,234,124,120,226,242,168,209,209,393,509,446,385,224,166,183,500,827,520,74,384,451,673,918,1000,806,292,702,923,747,440,361,99,142,194,63,165,148,49,73,85,78,58,18,83,93,37,41,62,23,39,58,34,7
21,22,16,16,23,15,15,4,13,13,6,6,10,9,2,9,20,9,14,10,23,23,13,34,11,33,16,11,27,24,49,45,81,9,87,74,110,155,154,118,102,258,126,167,254,155,189,55,463,785,374,1000,608,907,610,491,286,225,293,177,88,220,235,244,153,116,27,79,18,113,18,55,63,12,43,45,14,19,20,15,25,12,23,16,15
15,51,33,42,59,19,29,26,17,27,10,43,27,17,37,35,25,17,53,24,41,55,24,38,22,97,93,36,190,144,146,231,234,296,303,220,447,355,337,458,422,394,492,606,742,741,504,432,286,138,357,422,457,334,370,1000,953,743,424,252,355,175,164,318,248,167,209,223,252,194,64,143,138,34,49,46,17,11,47,63,18,55,72,26,32
15,51,33,42,59,19,29,26,17,27,10,43,27,17,37,35,25,17,53,24,41,55,24,38,22,97,93,36,190,144,146,231,234,296,303,220,447,355,337,458,422,394,492,606,742,741,504,432,286,138,357,422,457,334,370,1000,953,743,424,252,355,175,164,318,248,167,209,223,252,194,64,143,138,34,49,46,17,11,47,63,18,55,72,26,32
19,54,39,27,72,50,17,60,46,18,35,57,53,10,56,66,27,48,75,80,33,69,119,59,77,157,111,67,132,181,210,153,190,340,318,132,378,408,303,382,437,444,388,450,769,783,391,193,497,498,443,722,592,561,122,964,999,558,133,391,577,505,215,132,314,355,135,93,129,50,47,81,85,51,46,126,102,15,98,94,19,49,70,55,22
181,167,184,175,173,189,171,181,187,161,180,166,141,165,122,128,149,98,159,158,116,205,144,151,217,93,215,231,83,294,285,125,313,351,46,356,404,118,365,334,205,522,377,211,507,411,619,721,294,632,1000,932,409,261,731,740,495,732,199,441,608,550,219,234,308,180,74,118,41,205,173,180,278,229,191,232,173,146,164,106,132,123,105,134,117
181,167,184,175,173,189,171,181,187,161,180,166,141,165,122,128,149,98,159,158,116,205,144,151,217,93,215,231,83,294,285,125,313,351,46,356,404,118,365,334,205,522,377,211,507,411,619,721,294,632,1000,932,409,261,731,740,495,732,199,441,608,550,219,234,308,180,74,118,41,205,173,180,278,229,191,232,173,146,164,106,132,123,105,134,117
166,208,195,205,244,206,228,222,174,205,156,152,191,145,196,192,147,193,138,135,156,113,188,184,213,249,221,277,176,171,220,117,336,392,263,316,563,42,325,118,289,398,117,512,798,560,395,498,339,302,432,414,480,972,1000,929,838,475,435,692,545,556,747,536,461,525,222,287,393,127,282,362,105,248,238,97,250,161,183,234,142,196,174,96,151
87,132,117,89,133,106,84,130,91,88,129,82,99,132,68,101,122,41,101,96,37,122,87,76,162,114,84,172,86,125,218,186,62,149,111,46,261,278,68,229,172,93,420,417,159,330,153,186,458,740,901,814,785,999,891,631,702,856,619,302,193,275,236,108,145,236,94,106,164,44,116,160,38,141,172,61,143,173,72,118,142,49,97,106,19
121,169,150,135,190,152,160,204,143,162,183,100,151,147,70,151,106,108,181,90,163,197,62,203,183,64,245,197,82,261,144,209,348,252,173,321,193,184,415,363,478,623,247,503,703,668,594,834,438,425,907,949,1000,630,623,597,402,490,588,327,278,148,301,490,189,174,284,155,97,242,100,142,237,120,191,249,118,182,206,84,160,143,47,139,94
34,41,16,29,41,23,27,37,25,34,42,34,36,38,36,46,43,41,53,50,52,67,57,54,80,66,68,109,109,67,91,59,26,98,147,102,83,138,142,175,307,267,191,235,377,438,500,478,422,657,599,640,790,768,742,1000,839,678,264,376,356,259,97,52,78,180,124,43,122,136,74,56,96,69,54,88,76,39,53,60,47,47,46,45,48
29,37,15,28,29,12,36,30,12,44,37,8,40,40,21,34,42,46,29,43,72,44,40,89,73,46,119,104,64,122,130,133,208,146,133,213,214,217,302,261,173,267,492,509,510,437,330,197,274,589,835,783,495,337,421,444,830,1000,575,233,263,328,333,263,137,141,183,121,31,127,166,86,44,94,76,43,71,57,24,43,45,41,40,33,47
29,37,15,28,29,12,36,30,12,44,37,8,40,40,21,34,42,46,29,43,72,44,40,89,73,46,119,104,64,122,130,133,208,146,133,213,214,217,302,261,173,267,492,509,510,437,330,197,274,589,835,783,495,337,421,444,830,1000,575,233,263,328,333,263,137,141,183,121,31,127,166,86,44,94,76,43,71,57,24,43,45,41,40,33,47
141,179,191,146,185,189,130,171,160,111,165,135,110,174,127,122,181,109,126,173,76,134,167,76,181,208,74,262,222,104,311,285,52,321,341,84,405,426,233,465,422,95,483,400,252,631,393,147,267,639,554,392,439,704,597,694,766,999,947,653,510,552,491,348,152,469,355,40,240,229,30,228,211,38,232,203,97,220,185,104,200,157,86,163,103
45,30,23,28,33,31,20,21,33,28,15,16,18,22,1,14,22,25,9,26,37,15,25,22,12,39,78,24,134,91,82,79,109,72,205,112,69,223,150,340,202,326,313,222,99,277,461,278,787,1000,89,867,346,537,547,513,916,636,681,168,378,250,251,225,222,185,166,36,9,21,68,17,63,5,14,35,19,13,5,36,15,13,14,8,21
253,248,237,245,235,240,235,243,206,204,175,137,98,20,4,55,111,138,177,221,238,238,244,265,259,269,378,357,427,496,482,513,516,597,657,565,523,495,515,358,702,598,308,646,833,469,624,527,864,886,268,849,705,668,209,809,654,784,1000,872,521,202,385,297,205,283,324,330,334,332,332,301,300,284,272,246,235,230,228,198,164,145,133,144,137
62,101,77,68,111,85,69,111,79,60,105,71,53,99,59,48,95,46,61,103,44,70,104,35,96,133,73,78,112,72,63,155,96,87,173,189,80,155,134,112,296,284,51,284,351,295,456,396,344,554,736,666,493,414,922,999,503,220,458,522,434,141,144,177,106,40,153,142,21,130,136,29,94,119,23,102,127,42,89,120,48,70,101,41,60
13,22,5,21,19,9,38,35,17,41,40,11,30,40,28,3,30,46,21,30,68,51,14,63,56,43,68,72,107,90,70,160,160,42,205,327,203,95,163,267,308,221,63,260,420,191,12,171,214,75,311,758,800,212,350,672,1000,988,786,767,656,303,183,261,253,228,183,184,203,160,58,92,146,90,31,106,99,25,62,81,51,28,50,63,48
104,117,102,134,114,127,99,121,104,129,90,106,82,116,89,94,64,101,80,111,66,99,90,129,80,129,79,159,115,147,85,210,145,169,206,69,190,144,88,227,287,106,354,114,379,266,270,208,256,387,301,426,716,1000,912,563,451,195,329,181,229,295,329,315,37,179,37,174,36,251,141,147,133,130,147,105,110,89,147,86,121,45,100,66,110
142,121,108,153,114,134,159,108,146,142,90,129,94,88,128,69,123,125,75,144,98,86,154,47,147,168,53,224,201,68,265,157,105,265,150,189,284,110,241,391,83,314,364,147,309,347,283,256,257,399,685,599,430,646,702,565,682,1000,795,366,287,358,412,385,177,233,397,240,86,272,170,89,208,77,143,202,65,177,188,68,157,132,40,116,55
153,122,133,143,109,133,129,98,147,133,110,150,112,108,148,82,95,118,43,123,112,68,170,121,118,213,142,108,224,108,162,261,88,248,318,45,306,343,96,326,430,125,100,137,144,400,475,360,348,521,50,510,697,862,844,938,999,817,262,390,412,368,169,49,212,270,175,135,236,127,132,170,80,104,145,70,143,156,77,154,146,78,132,108,57
43,19,27,32,14,45,36,16,50,41,17,53,49,26,39,56,54,29,57,81,45,63,98,73,64,79,75,119,117,74,164,150,95,191,208,177,293,362,277,318,407,432,525,434,387,491,453,272,402,376,205,535,677,701,395,335,887,1000,595,344,633,599,329,125,106,209,223,136,106,186,144,24,118,134,55,61,93,68,53,60,62,58,39,53,67
20,51,32,17,52,35,16,52,40,20,41,38,40,35,40,58,45,51,71,47,62,88,71,85,78,60,130,117,77,177,151,92,207,285,177,171,274,303,407,309,193,228,409,498,614,456,250,647,654,645,446,550,533,479,756,871,1000,836,486,527,676,548,241,149,261,272,222,155,137,131,71,69,130,104,9,89,102,35,61,83,44,47,72,55,36
16,18,21,23,18,13,16,18,14,7,8,10,12,3,6,9,14,14,8,15,11,22,26,14,23,28,33,18,15,52,52,175,52,136,42,127,43,321,134,359,226,163,297,69,154,162,80,407,268,1000,312,720,430,359,368,383,401,569,518,325,350,252,143,94,154,140,47,40,96,71,19,19,38,76,26,16,29,44,28,11,17,20,29,6,20
189,175,189,187,177,170,170,153,141,116,96,80,49,24,24,44,59,82,98,128,147,149,159,193,218,219,263,287,266,353,326,324,351,370,428,306,400,416,346,426,548,472,271,350,400,266,752,483,372,195,298,458,165,425,489,1000,395,158,350,305,179,382,278,288,287,228,217,237,226,233,217,208,195,169,152,149,142,147,145,132,116,130,119,112,112
38,35,40,28,33,35,36,27,33,35,22,32,9,29,27,8,29,37,12,33,36,21,62,47,40,105,106,46,175,163,151,128,130,51,329,222,271,478,192,503,387,344,392,276,622,445,475,511,814,298,564,177,838,214,644,1000,196,942,334,434,127,135,301,207,40,209,120,59,49,2,36,36,9,19,8,7,3,28,22,6,18,10,21,25,21
724,739,758,765,768,764,761,743,727,697,682,650,622,617,594,582,568,570,564,575,577,596,610,652,682,709,742,796,821,839,838,867,883,862,932,890,943,872,922,1000,824,695,617,769,882,539,581,599,499,422,387,106,201,301,66,144,223,147,95,457,299,420,481,550,551,580,605,668,691,721,737,741,751,740,735,732,711,697,660,623,587,561,535,503,467
9,46,34,11,30,31,14,30,28,24,19,14,36,35,20,32,23,18,27,38,45,25,31,64,53,38,117,78,39,105,124,105,147,133,115,138,118,101,179,112,74,128,234,191,280,274,262,142,461,384,368,359,366,657,525,690,1000,953,496,408,565,436,292,206,223,275,242,113,156,191,119,53,142,129,56,92,80,53,67,74,68,55,41,58,67
46,10,32,36,5,28,26,11,35,23,15,37,25,15,32,34,31,20,41,58,23,51,74,27,57,107,80,80,134,142,69,129,134,144,182,173,218,325,248,116,185,283,163,274,345,275,359,442,330,451,462,676,772,739,182,686,1000,806,619,673,666,452,216,136,272,291,233,84,210,193,97,101,163,98,56,106,76,37,68,52,46,48,32,54,47
111,129,140,119,143,139,126,151,132,128,143,107,111,112,81,108,97,98,123,88,123,137,90,136,114,74,170,117,141,214,97,185,263,126,198,262,120,215,327,57,224,230,48,346,281,127,337,396,194,175,377,602,467,498,510,1000,933,500,247,425,443,310,93,215,118,107,155,33,155,206,125,186,196,114,165,143,81,134,93,81,126,84,106,128,83
111,129,140,119,143,139,126,151,132,128,143,107,111,112,81,108,97,98,123,88,123,137,90,136,114,74,170,117,141,214,97,185,263,126,198,262,120,215,327,57,224,230,48,346,281,127,337,396,194,175,377,602,467,498,510,1000,933,500,247,425,443,310,93,215,118,107,155,33,155,206,125,186,196,114,165,143,81,134,93,81,126,84,106,128,83
149,124,134,154,130,158,159,135,159,141,124,144,106,113,113,82,120,107,111,150,97,133,158,83,144,142,81,191,140,169,262,148,194,325,65,194,317,104,321,286,129,283,315,119,242,427,233,263,192,295,238,292,62,480,231,814,855,1000,526,429,544,550,274,236,285,158,258,238,75,274,235,80,265,223,72,195,139,70,159,82,111,149,72,132,137
131,104,142,144,107,140,135,86,120,118,67,109,107,63,123,108,70,135,118,61,132,101,51,147,120,44,156,145,64,191,207,75,184,227,57,216,262,88,212,274,147,273,305,267,488,404,380,402,518,432,522,1000,819,699,452,207,357,436,316,432,270,203,100,41,117,165,145,103,181,146,86,168,166,77,142,147,53,118,129,50,103,117,52,97,105
20,28,19,14,24,25,11,12,12,16,7,5,5,9,13,9,12,10,10,6,19,11,28,25,23,14,64,49,41,67,19,148,226,99,244,206,182,342,282,182,251,138,128,257,430,378,470,321,480,877,764,1000,513,670,45,614,744,315,191,312,386,262,530,198,174,79,67,124,79,91,17,84,72,66,53,45,25,37,24,46,15,23,28,16,16
757,786,784,808,799,789,776,773,744,719,696,685,668,636,634,610,596,585,575,574,584,620,642,686,727,761,764,826,836,832,868,882,900,888,997,1000,991,967,964,821,853,748,794,860,782,755,480,616,499,627,369,279,206,104,153,147,250,126,459,288,205,260,499,603,638,680,724,723,723,740,758,742,752,744,757,754,747,738,705,697,662,620,562,511,479
31,65,45,51,41,39,51,31,51,27,57,21,54,20,43,37,68,34,64,40,96,24,107,49,147,95,106,88,94,86,162,221,162,263,82,151,22,271,278,575,719,859,999,812,556,228,476,677,983,781,651,491,322,615,888,746,439,155,498,675,688,429,415,252,153,131,99,173,117,178,78,169,106,90,66,89,100,51,84,56,76,45,62,55,43
32,43,37,18,29,36,37,17,18,34,41,21,13,31,33,6,13,26,32,6,25,42,50,16,19,49,95,37,26,50,146,36,47,120,76,172,145,29,37,470,57,636,130,389,96,222,399,436,983,328,911,507,1000,602,615,930,870,595,931,343,286,171,179,225,131,179,176,58,77,38,29,66,55,15,30,53,15,16,40,10,6,21,30,28,9
106,91,96,107,90,101,107,84,97,98,82,101,93,75,94,78,68,91,62,71,89,49,100,105,61,134,129,72,144,160,27,157,148,39,235,162,24,227,182,38,232,108,168,175,200,70,237,265,90,196,136,222,272,121,475,786,1000,617,243,140,496,387,113,128,143,71,151,121,29,130,119,73,142,124,74,135,123,81,119,95,61,84,54,47,75
106,91,96,107,90,101,107,84,97,98,82,101,93,75,94,78,68,91,62,71,89,49,100,105,61,134,129,72,144,160,27,157,148,39,235,162,24,227,182,38,232,108,168,175,200,70,237,265,90,196,136,222,272,121,475,786,1000,617,243,140,496,387,113,128,143,71,151,121,29,130,119,73,142,124,74,135,123,81,119,95,61,84,54,47,75
154,128,172,155,155,199,163,178,195,138,157,143,94,138,110,122,162,118,158,155,102,147,104,106,175,117,179,227,170,219,226,163,257,112,188,294,89,308,385,81,389,525,273,405,425,174,195,168,53,511,212,350,532,676,188,643,762,1000,514,499,764,609,390,195,123,398,365,80,278,247,58,175,118,108,206,124,184,222,146,180,168,94,127,85,69
42,39,34,40,40,34,33,29,29,30,15,18,26,21,13,20,5,20,30,21,30,40,20,69,31,65,86,60,90,135,83,54,144,230,277,53,44,250,97,331,59,259,512,333,298,160,289,44,355,593,1000,639,857,288,627,738,578,877,632,466,429,264,297,172,195,97,118,7,61,24,79,39,33,29,27,7,0,4,11,17,15,1,24,15,13
40,50,44,49,25,39,36,40,16,9,51,32,21,5,47,14,35,21,65,13,23,43,56,41,34,58,26,145,168,180,221,126,85,185,198,74,54,201,190,179,261,197,210,91,297,283,315,376,377,323,195,190,559,787,1000,877,656,454,157,169,222,333,193,159,85,109,55,99,52,69,32,33,85,54,22,11,59,55,9,25,36,45,7,21,29
62,62,41,56,64,46,22,48,21,56,13,25,26,55,18,34,34,19,37,18,57,51,32,62,111,23,149,90,82,181,138,39,144,275,227,231,256,116,72,223,156,178,189,232,319,408,613,536,582,582,587,817,999,929,891,760,555,561,588,297,222,88,152,25,184,163,247,141,53,25,130,51,83,30,67,31,92,34,49,43,113,70,60,21,51
101,135,118,109,138,108,98,124,88,99,119,73,105,115,71,115,112,61,118,93,59,123,76,78,148,67,111,194,85,160,262,199,79,276,231,135,290,130,220,383,167,187,341,210,193,373,305,169,376,517,489,362,137,613,929,1000,643,158,444,562,417,268,165,67,237,309,135,113,190,106,63,132,47,106,150,83,130,157,77,122,142,69,108,110,35
101,135,118,109,138,108,98,124,88,99,119,73,105,115,71,115,112,61,118,93,59,123,76,78,148,67,111,194,85,160,262,199,79,276,231,135,290,130,220,383,167,187,341,210,193,373,305,169,376,517,489,362,137,613,929,1000,643,158,444,562,417,268,165,67,237,309,135,113,190,106,63,132,47,106,150,83,130,157,77,122,142,69,108,110,35
139,146,107,153,155,114,160,154,107,159,145,90,142,115,66,133,88,81,149,83,109,173,93,127,201,110,136,213,100,121,225,90,167,271,135,231,372,194,227,366,278,201,587,393,175,424,538,630,751,435,717,1000,848,672,893,628,379,258,646,710,510,182,191,195,174,181,117,118,219,160,111,216,184,89,207,176,91,177,160,61,130,101,43,111,71
88,66,96,91,67,101,92,69,103,86,61,94,70,51,87,52,55,90,41,77,105,42,89,111,40,103,128,42,117,134,34,111,152,27,154,198,98,184,281,165,183,217,156,262,363,280,312,220,310,481,608,287,348,745,1000,585,207,363,452,90,83,195,153,122,63,63,159,186,83,119,183,94,80,152,86,55,119,68,48,98,48,51,84,35,66
10,9,8,6,4,5,6,10,11,12,14,14,14,12,12,9,7,6,4,8,10,13,23,28,25,37,37,51,46,49,62,66,72,7,72,183,215,56,230,228,64,184,320,223,203,389,308,141,191,539,489,193,316,787,604,314,967,1000,483,250,447,155,70,137,64,39,68,34,18,40,27,43,65,62,61,63,65,57,53,48,41,36,31,31,33
50,16,28,32,9,30,16,25,49,24,29,51,24,19,46,37,15,31,67,56,23,97,96,29,90,100,59,37,90,143,117,44,233,320,241,182,345,302,213,298,307,264,311,467,526,520,311,443,651,732,405,282,641,792,1000,985,834,863,750,783,675,648,257,291,446,376,195,141,207,178,97,47,120,127,36,89,139,75,43,116,84,15,76,78,38
3,6,13,20,23,22,18,11,2,6,14,23,27,24,21,11,8,16,33,39,48,50,45,35,25,14,31,46,65,89,69,92,113,102,78,132,196,267,289,256,353,499,298,235,458,669,639,539,541,919,712,328,556,662,974,999,337,460,651,218,170,251,131,135,174,88,117,160,139,74,55,32,25,54,74,82,82,75,58,38,29,40,53,61,63
11,16,17,16,13,9,2,7,13,21,21,24,23,17,11,7,14,25,32,28,34,34,18,4,10,21,14,29,26,47,49,73,62,67,97,95,95,146,308,274,84,292,290,235,305,306,310,305,758,793,582,565,755,784,873,1000,689,757,604,482,559,247,138,138,69,51,108,56,59,94,94,102,102,74,44,30,18,51,72,73,74,68,54,36,32
35,32,38,42,41,27,38,44,36,28,33,36,32,31,27,35,36,26,34,41,43,39,51,70,29,69,85,86,37,57,69,62,99,137,64,269,192,82,366,291,249,271,232,89,248,419,255,158,492,334,769,188,324,1000,528,612,278,475,198,211,375,225,208,135,289,120,85,120,83,61,43,40,49,32,9,37,27,16,15,36,35,23,24,50,38
273,262,258,253,251,238,238,221,194,165,144,107,73,38,18,38,91,119,148,163,197,217,251,312,281,341,423,381,382,374,471,489,509,549,493,573,591,626,656,589,417,477,738,812,144,556,383,572,698,1000,705,665,698,267,844,497,189,302,890,790,631,451,326,342,247,325,286,379,397,338,314,321,274,256,233,220,206,182,196,160,181,174,201,171,140
108,109,125,118,118,133,123,111,124,119,105,116,111,92,106,102,87,100,95,79,92,87,79,111,108,94,146,119,115,206,186,83,212,249,66,143,231,88,162,298,282,127,114,94,138,434,530,360,78,276,507,731,675,326,405,587,1000,726,225,226,372,402,182,105,199,225,66,106,168,86,92,175,143,89,136,123,91,122,114,77,107,101,68,91,90
7,8,8,8,9,11,10,11,11,12,11,12,13,10,10,8,6,2,5,5,7,14,12,16,27,21,27,57,38,70,83,94,76,91,108,43,15,19,96,136,210,175,163,64,303,356,326,64,245,535,617,691,1000,955,821,369,137,31,228,472,395,267,193,171,137,94,78,92,83,59,50,32,21,29,33,32,38,43,37,40,46,47,47,48,45
4,5,7,9,11,13,12,12,11,8,7,5,1,5,7,10,13,20,22,20,24,31,29,16,25,30,29,25,46,48,74,93,162,214,243,140,161,330,314,211,182,331,335,402,414,373,280,241,140,144,69,470,911,1000,939,715,811,651,429,66,88,82,134,78,48,39,33,47,92,106,96,81,85,73,58,50,40,31,27,27,30,32,33,34,38
13,14,14,13,11,9,11,14,18,21,20,16,13,10,7,11,21,27,35,40,30,15,4,18,37,86,102,110,102,117,161,175,150,141,177,230,408,389,102,295,343,173,109,259,408,248,119,394,597,617,632,408,451,539,669,519,561,956,999,616,695,494,364,191,69,26,74,141,165,156,159,143,115,86,55,31,46,64,83,97,92,83,71,53,39
7,13,18,21,19,14,7,6,12,18,23,23,19,12,3,11,20,26,26,20,19,16,26,36,34,60,50,55,47,15,9,54,139,145,136,73,92,239,271,268,242,235,329,510,467,336,256,282,338,573,751,700,613,200,549,830,1000,850,548,624,439,264,94,93,138,150,110,115,138,141,95,54,34,18,35,57,66,61,43,32,25,31,43,49,48
17,18,21,19,16,14,11,7,6,11,14,15,21,24,21,19,16,12,11,6,16,34,32,51,67,84,59,60,77,79,77,64,29,69,102,92,135,344,372,252,326,638,880,819,548,139,732,873,615,203,748,999,994,130,623,880,787,324,448,461,297,195,226,175,193,207,172,137,128,124,102,81,89,78,68,62,55,58,57,65,74,71,72,70,61
3,3,5,7,9,9,10,9,7,6,4,2,4,7,10,11,12,12,11,8,7,8,2,12,14,20,35,49,50,44,56,104,111,79,73,143,256,203,125,225,186,227,141,102,161,81,51,179,196,177,468,670,693,359,792,1000,671,317,131,475,534,341,74,131,149,53,27,84,71,40,47,42,28,23,38,38,41,45,45,39,36,28,25,27,32
6,8,9,8,6,5,4,4,5,7,8,9,9,8,8,6,4,8,8,7,10,12,4,9,18,19,14,34,34,23,39,5,68,104,59,65,90,119,131,97,111,117,201,62,221,187,162,355,186,172,399,663,562,193,420,1000,991,301,451,580,428,153,14,107,74,69,57,27,62,60,46,44,60,46,30,32,27,19,24,25,30,34,33,33,29
117,169,155,117,163,156,106,148,152,91,125,143,74,116,140,70,112,141,67,108,169,85,109,190,90,115,241,188,131,281,313,109,193,227,130,266,225,153,133,235,377,321,643,757,213,684,1000,709,142,300,513,918,969,849,576,976,705,552,572,598,498,166,144,337,373,226,43,228,209,30,145,169,23,171,216,89,125,201,117,97,181,125,79,153,116
11,11,10,9,5,4,3,7,10,13,13,13,14,10,7,3,5,10,13,21,21,21,23,25,9,12,7,19,9,53,75,13,74,145,91,36,114,95,136,131,90,29,292,382,112,151,409,606,455,343,854,801,520,273,698,1000,819,595,279,382,427,229,122,85,104,118,63,72,103,96,81,62,59,61,34,33,37,32,38,44,45,46,45,41,36
26,23,2,20,25,9,19,34,24,7,24,22,9,26,26,3,32,41,13,37,65,50,2,55,63,52,76,75,56,58,119,135,96,145,159,111,169,310,353,275,188,455,616,590,419,291,468,462,269,151,330,917,583,293,585,651,739,908,1000,596,159,320,546,387,227,34,145,204,160,64,42,88,72,40,70,67,35,30,53,42,16,32,34,16,14
13,14,15,12,10,6,3,8,15,18,21,20,17,12,4,1,7,24,33,29,28,38,35,21,7,24,15,28,37,65,30,55,58,15,55,133,213,192,113,166,206,340,337,139,409,303,554,789,348,161,656,826,534,280,144,1000,805,458,216,542,644,345,166,101,185,98,71,101,80,89,110,93,65,43,36,50,60,74,78,73,60,47,36,36,43
31,30,31,24,35,29,22,24,28,10,20,16,26,18,18,14,36,14,12,48,25,26,54,52,18,30,39,63,29,69,74,59,108,145,147,244,162,196,83,173,292,392,373,291,188,360,536,704,567,550,206,250,550,591,402,612,989,332,1000,277,298,241,99,141,155,71,69,69,35,38,11,62,51,34,49,14,26,12,19,22,13,13,23,23,7
84,56,100,39,85,44,84,28,72,6,87,23,64,26,82,40,70,47,68,87,99,147,160,133,180,168,217,159,276,309,477,253,366,142,370,184,449,342,584,444,483,372,158,21,531,791,972,1000,613,365,50,266,149,323,501,756,645,495,361,75,106,213,110,264,240,76,156,62,79,154,49,153,92,92,63,88,65,79,76,82,68,55,71,60,54
67,42,43,14,59,23,56,12,38,27,49,15,19,41,32,10,39,55,30,23,68,38,59,42,115,37,103,78,132,66,115,106,195,146,207,278,232,225,67,246,316,413,407,585,472,282,213,405,359,116,353,881,1000,913,588,220,222,284,319,340,266,233,110,126,118,99,81,87,94,41,73,86,64,30,47,87,47,24,30,61,49,39,40,45,14
50,31,16,47,52,28,20,45,59,16,11,37,27,34,38,61,27,37,49,70,26,68,58,85,56,90,79,116,38,118,76,147,33,126,60,117,113,326,488,487,520,378,195,211,202,124,534,811,1000,919,586,275,221,412,477,588,653,484,349,394,482,524,317,228,73,90,69,55,36,61,59,76,23,38,64,50,17,27,90,74,18,26,65,50,10
11,5,13,18,13,7,35,16,21,19,8,32,24,26,23,21,42,17,29,17,19,35,29,25,21,36,33,50,78,13,34,19,115,149,171,241,222,81,99,112,147,103,114,199,175,423,287,523,423,608,686,584,825,240,612,949,1000,589,485,288,481,225,197,308,183,105,164,106,66,85,69,34,53,46,35,29,11,36,11,37,43,40,6,28,29
17,14,12,13,16,14,25,10,12,15,14,5,8,17,18,12,3,3,11,4,24,14,21,42,32,10,60,102,73,115,147,48,23,70,203,242,452,244,307,104,696,198,605,145,588,330,638,95,738,251,594,585,399,212,596,1000,485,505,410,856,524,334,183,253,158,238,93,227,50,55,70,18,60,63,63,40,22,39,46,4,31,22,10,12,22
20,17,29,20,27,12,19,22,23,23,18,20,28,22,18,35,30,31,30,23,35,38,46,31,54,49,34,74,85,73,33,91,111,76,205,169,134,69,32,27,188,158,185,260,399,158,232,344,216,237,533,278,373,528,453,651,486,791,1000,642,420,267,177,136,164,156,133,87,97,45,64,37,60,65,56,43,41,36,43,39,29,33,32,23,27
94,104,139,106,92,134,113,81,126,112,69,123,121,63,108,122,58,102,127,62,95,135,62,99,169,100,97,197,175,33,154,148,29,191,242,125,109,286,121,133,355,486,197,432,805,544,246,280,441,465,778,602,564,554,690,721,905,1000,832,356,173,415,443,232,67,138,194,118,168,170,44,138,215,146,49,178,163,47,142,165,70,99,137,67,61
3,4,6,9,9,9,7,4,3,5,8,11,13,12,8,6,0,6,13,12,20,25,9,9,9,8,24,34,16,41,47,22,30,52,61,57,69,30,122,134,167,88,136,263,308,162,97,157,548,550,412,180,780,999,572,292,331,666,560,149,131,218,157,28,78,71,33,27,48,40,47,59,58,37,28,24,17,31,39,44,43,41,34,27,22
5,36,36,5,31,39,9,31,43,20,23,41,30,20,35,42,37,20,38,56,36,10,47,40,13,38,22,14,38,6,44,79,21,85,82,53,54,77,82,87,210,317,83,135,463,550,346,304,626,801,509,162,676,880,1000,737,611,728,595,300,380,213,170,111,29,81,83,56,60,100,83,36,71,75,37,42,74,53,25,61,59,26,36,57,44
146,130,101,151,131,99,157,130,91,152,125,87,152,121,72,139,104,55,127,84,71,135,87,97,175,126,120,171,157,122,175,168,68,229,227,68,301,302,96,417,436,151,514,618,340,470,706,711,492,523,726,1000,956,928,915,768,221,151,603,573,266,125,76,204,246,44,154,158,15,144,158,60,168,165,75,149,145,73,144,141,66,131,126,49,104
162,118,166,136,112,166,118,139,184,120,163,185,98,153,149,50,141,99,82,167,74,159,221,93,196,204,60,186,178,75,295,217,102,379,269,167,434,278,211,617,423,313,446,522,601,717,442,811,923,520,117,595,754,433,362,861,1000,348,233,416,497,434,137,318,522,308,68,332,290,90,266,179,98,260,152,120,236,129,144,215,98,132,162,43,113
40,24,13,25,8,32,31,6,43,41,2,40,45,22,31,43,44,16,43,79,48,35,83,66,36,71,59,86,101,61,116,143,52,214,244,154,139,214,242,203,313,265,258,328,509,674,690,499,34,660,986,1000,868,527,365,6,290,637,521,53,209,104,141,129,96,71,60,32,73,111,87,25,79,106,50,40,86,65,19,38,43,37,29,28,42
26,39,30,8,27,31,34,9,21,28,26,8,14,27,23,14,23,38,24,5,28,57,36,4,31,79,42,45,57,119,33,40,86,64,64,63,72,229,84,327,206,339,360,232,343,494,255,351,947,566,598,317,124,451,1000,728,321,507,395,529,361,490,357,356,90,182,60,143,62,99,21,24,26,23,32,45,22,11,14,19,28,32,25,14,22
792,806,803,803,800,788,783,780,774,760,730,711,680,662,627,604,583,582,586,607,636,654,678,703,718,737,783,789,834,903,922,924,977,940,930,1000,971,928,905,964,859,883,828,718,724,797,564,702,503,400,426,281,360,211,189,174,319,18,259,239,325,531,614,512,625,635,659,700,728,747,756,772,795,795,786,781,767,746,709,684,638,594,553,528,495
35,14,20,41,33,5,32,41,18,16,39,32,2,40,50,23,19,47,46,21,29,42,26,28,46,45,40,44,55,76,102,168,243,192,132,164,190,169,94,101,149,129,162,206,330,259,140,292,534,680,938,692,654,402,701,1000,765,491,199,240,354,184,70,46,34,43,60,65,90,71,72,85,76,53,46,57,49,21,39,52,37,14,45,52,29
137,126,140,113,126,121,122,147,120,138,128,95,115,75,109,108,94,130,99,93,86,83,109,102,156,133,149,127,71,206,121,200,319,91,221,267,19,198,192,128,164,193,460,488,428,559,363,190,166,324,487,448,586,667,740,1000,566,355,262,356,373,227,15,178,63,115,71,146,213,115,162,162,116,126,82,116,111,114,166,115,118,118,47,90,56
15,10,21,12,16,21,8,23,29,9,21,33,18,12,28,26,15,14,31,32,8,29,35,15,32,42,10,49,62,29,26,71,38,70,132,101,94,139,109,86,75,53,73,151,155,207,131,169,220,133,187,404,812,788,780,1000,962,520,272,245,196,149,21,84,73,48,32,51,90,85,35,52,72,43,40,69,55,17,50,49,19,31,37,23,24
30,37,25,29,28,36,30,34,24,29,23,16,18,19,35,14,13,30,33,14,33,25,45,46,0,103,111,37,198,99,99,131,67,73,69,297,76,289,131,41,202,141,229,285,676,355,988,407,628,287,507,878,272,168,218,596,1000,476,538,386,220,595,268,178,290,55,50,62,94,69,37,39,59,28,23,32,4,9,11,33,1,25,19,25,18
126,158,135,158,134,156,131,163,125,146,116,146,112,135,98,131,98,126,102,119,100,136,110,146,136,135,188,118,158,176,231,93,252,186,273,156,510,322,189,225,203,198,163,93,347,491,437,510,374,239,199,539,689,1000,860,682,169,376,589,662,432,159,89,230,171,174,211,132,273,64,172,93,238,68,203,130,152,116,158,127,121,122,100,110,92
126,158,135,158,134,156,131,163,125,146,116,146,112,135,98,131,98,126,102,119,100,136,110,146,136,135,188,118,158,176,231,93,252,186,273,156,510,322,189,225,203,198,163,93,347,491,437,510,374,239,199,539,689,1000,860,682,169,376,589,662,432,159,89,230,171,174,211,132,273,64,172,93,238,68,203,130,152,116,158,127,121,122,100,110,92
13,11,20,21,13,14,22,19,12,23,26,17,15,28,29,18,22,32,27,23,40,50,37,33,56,58,40,50,70,67,40,31,57,109,138,163,209,143,95,140,223,221,128,141,270,408,274,361,347,391,458,608,812,523,651,1000,786,277,178,119,149,85,146,181,156,55,30,122,117,51,40,84,79,25,35,74,58,10,48,65,36,18,56,54,15
41,37,10,32,47,29,14,43,47,19,23,46,39,1,41,56,26,25,65,65,17,40,70,50,10,66,61,21,76,103,69,63,150,181,169,244,365,311,191,207,284,287,162,92,228,350,416,304,266,471,720,776,535,524,915,1000,508,218,94,278,422,429,395,262,138,219,277,179,58,67,144,112,16,73,109,71,25,92,98,40,47,96,79,13,68
162,166,131,167,150,142,193,163,171,193,148,164,145,95,128,93,121,143,105,192,178,117,178,104,124,184,55,210,258,177,322,258,105,375,334,126,272,204,351,366,226,715,799,413,302,414,364,503,551,594,285,447,230,365,408,293,941,1000,843,545,331,475,315,286,191,200,445,391,21,288,285,90,162,137,88,148,131,174,168,139,180,145,115,118,68
11,7,20,26,19,5,19,31,30,14,8,26,32,25,13,27,36,35,13,18,44,64,50,31,32,65,66,64,69,98,115,155,122,96,144,158,228,306,243,312,325,315,269,405,573,545,428,322,378,469,559,815,908,911,815,1000,686,443,167,388,568,543,184,28,134,208,216,137,55,67,121,127,93,19,56,108,96,42,28,72,83,67,30,42,74
53,51,32,28,47,53,25,29,35,32,24,9,23,35,19,18,32,33,15,25,42,65,45,37,62,59,71,71,48,76,90,113,145,17,151,198,179,126,80,171,164,216,601,90,236,440,149,371,544,675,659,530,341,554,379,999,988,826,599,401,404,525,228,252,70,122,291,100,148,57,106,105,48,16,35,47,44,20,23,24,49,34,6,16,36
343,349,320,328,331,332,336,343,337,337,359,355,365,369,372,388,380,389,403,394,422,431,436,450,436,449,449,430,448,469,510,415,434,530,512,402,516,449,507,445,479,438,339,378,339,219,561,471,597,581,908,1000,802,74,258,216,304,588,256,555,258,304,380,429,329,282,295,325,334,307,299,312,303,309,305,308,299,308,347,327,342,336,355,374,390
29,47,38,40,47,26,47,17,51,8,38,21,55,25,43,26,49,26,69,39,79,22,81,25,80,65,129,100,84,141,136,169,71,144,179,312,256,365,304,157,177,100,155,172,555,648,585,232,347,718,1000,973,646,321,276,290,386,734,621,537,527,444,510,326,60,119,302,274,117,112,101,164,91,127,70,71,67,96,91,54,77,56,69,50,67
147,187,152,187,154,192,153,182,147,174,138,175,118,159,118,157,117,139,109,157,134,140,139,167,136,207,245,105,249,163,302,97,242,222,506,114,478,211,387,303,189,239,435,612,297,664,621,885,881,408,560,777,707,542,460,354,558,798,911,1000,744,364,223,222,259,200,307,100,330,66,246,56,274,120,217,148,190,154,162,169,122,146,111,141,82
87,107,95,97,120,103,120,137,106,125,125,82,107,87,55,92,57,84,117,60,124,144,65,132,124,49,136,97,68,185,84,202,271,128,185,369,220,135,280,210,179,182,80,299,364,193,179,273,187,538,530,471,559,629,833,1000,581,169,79,280,279,125,154,339,184,59,142,75,67,140,38,148,196,85,143,182,91,127,145,63,99,91,35,95,60
140,124,120,139,122,152,157,142,168,138,120,129,79,108,111,91,149,120,120,137,80,104,94,90,147,131,168,206,155,164,117,149,219,51,173,236,171,230,279,179,185,151,103,47,250,581,535,457,753,999,828,581,291,257,332,219,450,525,663,361,205,400,260,114,292,282,150,251,173,75,200,131,181,218,108,147,140,64,125,94,107,139,96,126,108
99,108,119,109,109,119,108,103,115,103,90,104,98,83,102,96,80,97,100,73,88,97,81,93,106,96,100,129,117,119,121,138,150,196,78,149,284,188,96,288,131,178,177,102,307,530,195,136,296,177,222,548,896,916,741,997,999,740,448,343,325,272,77,110,105,119,113,68,127,116,73,103,154,118,98,146,122,90,129,123,70,103,107,58,78
24,52,38,43,75,70,60,97,103,78,112,138,113,123,169,154,133,178,186,140,168,209,161,148,226,203,147,190,243,206,120,233,329,167,147,324,230,61,336,319,250,209,228,97,200,503,445,207,204,407,828,844,824,518,537,913,1000,553,316,515,363,282,100,79,87,142,158,18,88,151,84,62,154,135,38,120,164,105,86,164,153,92,148,174,124
113,151,132,117,153,132,118,151,121,112,150,111,107,147,105,101,143,94,91,126,74,88,139,91,105,165,129,141,159,161,232,186,66,295,339,125,218,438,348,196,338,280,244,462,248,298,531,219,98,444,707,754,792,537,917,1000,653,255,288,372,283,184,136,322,227,59,171,221,111,125,189,108,128,180,95,119,169,91,99,151,88,95,138,86,91
23,21,43,28,13,39,29,9,36,31,16,30,32,28,28,24,41,42,14,52,67,29,49,83,60,42,84,77,44,78,47,41,99,80,131,125,151,95,240,196,31,200,288,213,103,238,347,284,167,486,776,733,518,504,954,1000,848,388,419,523,339,208,176,159,105,70,41,46,61,21,52,69,48,33,66,57,20,53,64,28,34,59,40,14,42
100,143,143,107,150,138,90,139,117,77,130,93,88,142,90,99,147,75,111,132,29,129,134,20,153,145,54,212,174,66,249,257,85,206,159,48,251,363,246,447,436,213,557,353,201,648,834,587,715,866,707,514,109,798,999,775,770,730,662,388,222,51,91,179,146,207,131,79,179,113,61,180,110,82,187,128,84,173,120,92,154,99,70,120,66
120,111,106,132,113,127,150,126,142,148,105,129,118,69,104,76,77,116,77,113,143,102,122,129,96,124,94,84,116,118,132,182,159,307,213,63,306,314,59,335,245,320,569,237,250,432,191,270,427,661,646,562,424,334,574,437,637,1000,915,546,340,500,389,47,298,340,142,208,239,78,205,220,52,198,203,91,182,162,83,148,100,68,126,54,89
182,155,148,178,129,144,155,109,161,147,125,181,136,132,168,85,121,121,50,150,97,130,216,95,204,267,75,214,249,61,299,225,164,535,352,160,517,475,164,473,403,354,482,352,510,1000,757,552,616,507,348,496,676,744,741,941,798,233,112,67,260,339,70,301,384,175,110,217,80,126,163,68,240,219,107,255,209,94,207,145,67,155,63,108,143
172,150,172,170,139,157,137,117,143,123,141,152,131,155,137,112,129,80,100,100,96,160,131,155,209,123,151,186,55,183,204,72,291,262,117,417,222,123,321,219,101,234,164,336,299,211,268,516,450,322,576,492,441,333,428,745,1000,612,400,254,247,93,194,326,146,93,168,20,195,157,78,254,226,109,231,202,107,167,111,100,132,79,132,128,96
24,67,46,20,68,47,21,56,44,40,45,45,65,50,44,83,67,56,77,79,82,69,79,129,74,65,166,131,50,154,172,158,271,279,304,293,234,239,385,298,381,526,430,306,472,576,587,577,570,832,779,434,560,850,749,225,830,1000,722,370,318,433,360,120,174,292,247,119,142,177,112,63,90,88,71,67,85,99,63,57,103,75,29,87,84
33,33,13,28,23,21,37,24,26,45,29,15,40,34,19,35,45,39,15,39,51,24,52,84,46,23,77,44,48,89,102,99,115,51,69,82,66,247,378,315,258,471,574,468,245,246,386,309,280,483,653,444,13,660,961,874,791,1000,619,534,204,132,97,37,132,220,229,132,140,187,141,57,94,107,62,60,76,66,47,42,50,52,32,36,55
21,2,18,27,18,5,24,25,10,18,31,21,5,32,37,17,13,35,30,12,37,43,19,26,72,84,71,82,143,118,86,130,97,99,77,203,334,326,364,318,272,128,356,140,236,316,349,373,426,577,795,665,399,259,563,999,678,417,191,465,534,306,170,170,158,49,99,121,178,91,40,116,115,16,81,118,69,21,79,83,31,47,80,64,29
128,113,135,137,114,130,138,109,107,125,103,82,106,96,75,100,97,70,105,104,65,107,124,87,121,166,108,134,217,141,82,247,229,155,165,111,266,287,28,268,201,241,492,456,476,1000,964,627,443,787,655,159,345,821,393,372,793,409,555,815,895,684,484,176,212,244,170,46,141,114,44,101,150,111,79,142,137,82,116,135,91,101,125,94,84
14,2,12,18,14,1,11,17,13,2,16,23,17,0,13,24,20,8,26,39,29,8,35,55,59,28,49,69,69,62,60,72,81,108,126,191,269,176,81,126,285,363,327,329,282,232,229,130,344,808,999,600,123,656,460,265,537,439,426,374,164,240,157,89,311,222,77,119,163,119,41,28,76,89,60,11,56,72,50,22,46,65,53,26,44
166,177,148,169,191,160,155,185,157,132,166,152,118,146,143,98,127,136,80,116,139,69,145,181,79,164,238,129,135,319,276,66,233,394,117,196,312,258,93,503,564,309,643,999,833,459,706,713,719,179,89,323,599,862,476,165,632,312,512,209,267,482,477,255,57,242,232,28,149,166,96,114,186,141,100,180,160,105,161,172,111,129,163,113,99
128,120,120,139,132,120,135,134,110,117,125,101,104,114,91,88,106,86,69,97,88,61,107,114,71,124,137,100,136,168,154,132,182,164,71,255,143,107,259,199,59,227,302,237,146,580,471,138,131,334,662,561,713,336,415,880,1000,422,149,129,143,179,214,140,17,188,204,14,151,166,51,112,160,105,104,142,114,107,129,118,96,115,109,87,100
109,76,98,116,80,91,121,85,78,116,89,61,106,92,53,101,103,57,99,110,60,84,117,61,88,122,70,85,140,61,112,157,61,154,198,70,178,156,122,222,77,206,285,293,490,633,394,622,991,835,588,717,1000,866,384,379,586,628,236,210,171,68,56,117,50,78,145,97,59,124,145,48,105,162,95,72,146,120,52,113,117,46,80,102,47
84,114,121,89,114,132,94,106,135,96,89,127,97,75,126,106,65,124,118,52,109,126,48,109,147,54,103,174,80,112,203,107,141,286,178,130,272,222,29,105,158,180,225,377,456,271,572,874,760,526,729,932,902,763,817,1000,570,56,337,200,51,92,205,254,79,98,98,158,135,89,101,142,136,94,139,156,97,99,138,103,63,112,98,43,84
34,30,8,27,30,15,22,28,19,28,24,15,36,40,22,39,52,38,43,57,50,67,72,64,89,113,97,124,153,108,115,173,127,60,49,86,73,95,122,115,85,86,207,9,240,479,288,268,489,838,732,615,726,949,880,577,629,1000,902,297,54,215,357,253,70,127,126,107,91,118,86,80,108,99,66,72,84,61,52,61,47,41,59,49,35
50,27,32,50,39,20,42,49,28,34,55,45,20,47,54,28,24,51,39,13,40,47,25,17,51,50,5,34,53,12,30,54,83,47,7,69,76,112,113,109,161,269,276,217,224,350,468,457,492,383,630,817,841,422,793,1000,608,123,324,125,79,96,232,251,185,87,98,148,130,53,73,85,46,32,58,43,6,39,49,21,16,41,32,7,34
30,14,15,30,24,10,30,37,22,20,38,33,9,29,36,18,23,43,38,24,35,55,40,13,57,60,6,55,105,64,67,88,44,16,66,132,206,52,143,191,230,183,63,148,117,247,287,220,239,225,699,837,748,239,618,1000,737,299,141,229,202,222,136,201,172,53,88,125,122,53,50,65,51,19,40,52,36,8,35,35,18,18,35,26,6
26,31,10,17,28,13,14,27,21,14,20,19,20,17,14,28,27,11,25,28,10,15,12,8,28,34,15,32,25,17,48,28,49,91,104,98,60,111,25,79,27,89,100,156,157,224,323,413,288,423,630,546,114,359,763,1000,766,444,399,410,311,130,47,59,104,31,50,70,65,54,60,59,35,37,39,31,37,37,28,36,38,19,25,33,18
26,31,10,17,28,13,14,27,21,14,20,19,20,17,14,28,27,11,25,28,10,15,12,8,28,34,15,32,25,17,48,28,49,91,104,98,60,111,25,79,27,89,100,156,157,224,323,413,288,423,630,546,114,359,763,1000,766,444,399,410,311,130,47,59,104,31,50,70,65,54,60,59,35,37,39,31,37,37,28,36,38,19,25,33,18
21,37,20,16,38,25,9,33,25,10,31,29,14,25,29,32,22,21,44,36,13,52,48,3,41,43,21,65,73,29,91,98,59,77,134,144,239,280,151,204,250,265,177,304,349,210,73,219,336,385,279,605,763,599,266,532,1000,616,290,328,395,288,149,126,161,169,141,83,112,122,98,66,94,87,41,66,80,41,33,66,46,21,49,46,24
25,23,12,4,19,24,21,6,11,28,32,24,6,12,29,33,19,9,28,38,38,17,3,39,70,59,37,46,80,66,73,128,178,176,130,178,137,130,204,245,311,246,92,179,280,327,249,410,503,684,1000,632,361,341,512,602,523,822,668,546,410,487,369,257,83,207,250,177,116,61,42,119,140,101,32,38,85,92,72,28,42,78,80,56,30
24,34,27,18,21,36,22,17,14,19,23,11,5,22,24,3,16,21,20,14,14,32,50,36,46,72,64,21,99,47,61,112,22,81,206,114,157,91,81,198,290,218,190,387,206,230,373,272,317,427,493,1000,378,633,603,756,718,981,137,448,153,182,138,20,144,100,62,74,106,33,92,57,25,16,17,16,20,23,8,18,20,17,10,15,16
13,30,37,14,34,38,20,42,44,10,23,26,18,18,24,34,19,16,40,18,41,63,44,50,43,32,117,127,78,134,107,52,172,242,102,133,260,340,402,395,165,220,182,404,614,627,161,252,542,775,659,341,571,980,1000,981,958,749,221,296,665,768,463,207,21,154,220,161,9,97,67,57,117,111,9,78,83,47,45,44,42,50,28,32,45
13,30,37,14,34,38,20,42,44,10,23,26,18,18,24,34,19,16,40,18,41,63,44,50,43,32,117,127,78,134,107,52,172,242,102,133,260,340,402,395,165,220,182,404,614,627,161,252,542,775,659,341,571,980,1000,981,958,749,221,296,665,768,463,207,21,154,220,161,9,97,67,57,117,111,9,78,83,47,45,44,42,50,28,32,45
25,30,24,22,21,28,30,12,14,24,28,14,10,20,11,9,7,8,25,18,22,9,52,65,31,61,106,36,50,114,19,108,118,100,159,251,101,185,204,210,204,423,136,279,462,493,580,1000,140,396,808,937,569,263,338,132,497,300,861,691,651,272,361,284,90,140,254,33,123,68,77,65,60,50,63,57,32,16,20,34,30,7,19,38,4
22,29,30,24,18,24,29,5,20,20,32,25,33,25,45,25,18,15,47,22,35,42,19,41,63,24,52,81,72,84,94,100,92,183,67,209,88,210,448,326,251,353,389,434,283,201,75,323,124,304,316,173,253,430,353,999,730,841,508,328,598,297,67,159,154,91,55,138,94,74,37,28,68,33,41,25,30,56,38,46,33,56,45,31,20
11,23,28,25,15,6,18,28,27,18,4,14,27,32,28,14,16,32,41,44,33,25,52,82,68,49,43,63,102,131,91,68,89,61,199,274,192,163,157,340,378,496,358,207,190,539,670,880,439,198,184,447,856,991,702,732,778,1000,893,530,315,490,397,103,49,147,207,162,151,84,26,98,135,131,93,34,43,88,103,94,59,29,55,83,89
12,19,21,15,7,4,16,21,19,11,2,14,21,23,14,0,13,22,20,9,10,32,52,50,33,26,32,62,88,75,59,56,16,118,111,176,204,144,107,119,210,308,197,304,329,373,192,133,276,365,653,833,952,569,228,787,936,1000,910,394,13,106,72,285,357,260,199,102,22,69,96,113,108,66,6,62,89,84,58,34,34,63,73,61,42
12,6,4,11,15,14,10,3,10,15,15,10,3,8,16,19,16,6,10,21,24,24,15,14,33,48,41,33,15,24,46,67,54,58,78,104,111,179,110,51,118,215,320,459,324,70,121,320,537,474,476,480,635,297,505,999,950,502,189,116,169,220,182,66,43,72,113,103,104,72,19,31,59,65,54,26,14,38,50,47,30,14,28,42,47
14,21,21,24,20,17,22,17,11,4,11,16,11,10,17,1,4,11,12,7,18,14,5,42,46,27,81,64,73,43,133,145,94,189,126,230,304,380,342,246,291,344,145,294,343,193,100,55,490,451,568,1000,301,806,438,768,764,395,257,153,359,87,239,32,11,15,93,94,19,89,32,30,25,47,39,25,34,35,20,8,13,8,14,19,15
200,189,186,178,173,159,166,138,115,109,112,72,63,33,42,19,35,49,79,108,131,148,178,197,231,243,233,316,268,366,450,474,439,507,415,414,501,509,438,459,528,630,274,337,364,474,335,319,472,53,345,463,769,699,683,920,530,1000,618,494,580,338,370,343,319,270,221,222,212,230,203,191,172,174,171,176,148,161,150,142,111,119,114,113,88
13,34,36,8,31,38,17,34,41,17,20,37,18,11,25,30,21,11,44,60,22,39,70,33,39,92,56,66,137,80,92,171,128,133,228,197,155,305,347,83,167,415,399,379,496,835,914,850,661,677,785,402,444,758,780,999,628,578,450,451,214,100,275,242,247,188,20,150,141,69,53,55,27,32,38,18,28,29,11,21,28,11,22,43,32
41,18,19,36,12,28,42,17,23,37,14,32,38,19,25,30,32,36,27,40,47,24,65,80,34,68,113,89,78,110,36,36,102,125,146,235,279,190,235,296,301,368,285,93,272,456,475,528,367,637,800,825,213,481,968,1000,799,667,150,265,434,374,241,168,226,163,96,151,111,46,56,70,51,53,52,41,52,35,24,58,51,13,44,53,21
16,31,19,21,36,18,23,43,24,18,42,32,17,33,38,31,22,40,52,30,33,62,48,36,70,64,39,87,92,83,98,102,123,142,81,111,183,152,90,135,209,256,284,383,414,301,434,588,591,369,389,563,787,560,619,976,1000,512,476,633,541,352,182,180,231,183,139,167,182,139,110,123,115,89,101,91,56,69,73,50,58,61,44,53,54
20,39,44,48,47,44,38,39,39,30,27,27,17,24,12,27,7,27,14,31,18,16,43,8,69,89,77,153,65,187,121,73,103,79,96,55,215,150,278,68,78,342,47,341,357,531,617,666,640,471,518,195,931,599,781,898,1000,435,877,447,440,251,315,137,410,124,292,132,128,46,63,69,50,84,77,56,68,71,61,58,56,54,42,37,42
725,750,768,767,767,753,746,737,720,701,686,662,644,617,589,569,565,576,558,584,570,617,598,642,677,737,788,750,781,809,885,898,846,860,961,1000,985,870,712,842,756,977,797,706,718,905,540,390,176,951,296,464,684,533,648,763,678,493,435,96,234,630,682,642,413,612,587,669,647,728,747,752,778,759,735,726,704,665,650,642,623,590,560,508,462
45,47,12,30,27,25,46,21,33,60,33,30,66,44,24,54,62,52,32,76,93,36,70,127,77,44,128,127,60,107,125,156,194,141,216,343,242,402,587,529,453,717,630,463,478,615,693,465,272,543,652,402,256,661,468,1000,676,143,423,501,464,188,234,340,178,44,180,197,71,55,86,74,25,28,50,43,17,26,48,31,27,57,49,17,44
11,23,34,10,26,41,20,18,40,27,13,31,29,23,22,36,40,20,34,52,31,36,51,32,36,48,38,59,66,65,128,134,91,128,162,83,127,230,181,137,222,291,246,192,187,325,419,334,354,589,571,290,374,882,1000,541,421,571,603,302,125,336,259,144,146,200,156,100,100,104,95,83,69,71,75,51,48,64,52,29,53,55,25,40,52
28,21,42,24,30,33,17,50,43,17,65,55,11,64,71,37,46,69,72,42,65,118,80,67,166,148,80,173,197,164,222,218,235,323,252,382,624,317,292,462,529,269,287,637,479,395,435,559,717,205,557,1000,688,622,241,683,941,546,320,324,512,478,165,159,352,252,61,175,177,96,59,92,89,60,14,75,79,23,56,79,42,28,72,56,5
62,59,50,55,59,57,52,55,46,41,40,38,56,43,39,59,48,57,63,61,63,63,57,92,123,57,121,75,57,72,115,112,154,148,152,217,305,164,405,167,430,264,269,133,608,590,331,304,133,80,481,472,422,515,857,913,883,566,1000,67,909,56,216,112,195,73,203,28,72,112,53,122,106,47,77,64,54,61,53,62,59,52,44,60,42
158,142,132,125,108,100,99,86,86,89,78,69,56,40,25,13,22,62,73,99,118,127,128,140,177,165,171,136,169,264,288,187,307,385,129,320,104,500,320,367,143,456,270,476,169,80,363,268,548,841,959,1000,683,704,806,582,487,690,787,343,443,92,400,332,95,191,166,89,144,173,158,138,126,148,134,127,110,103,69,100,73,82,79,75,70
26,18,24,32,4,37,45,10,34,46,20,22,35,34,18,28,54,37,23,60,52,39,43,60,88,61,60,132,121,71,190,183,159,185,225,253,252,164,232,241,122,19,132,119,79,204,298,228,153,326,673,661,351,539,1000,955,530,420,522,341,158,122,206,139,11,98,175,139,82,110,136,123,70,63,115,93,10,75,83,25,40,64,42,20,36
188,176,194,160,193,182,194,201,172,185,137,174,145,161,179,120,179,95,147,155,134,185,142,183,113,208,175,189,330,93,364,244,216,411,102,408,464,132,232,203,301,209,635,660,237,539,594,361,671,130,536,331,414,538,755,1000,784,869,745,883,751,344,393,276,477,332,54,321,193,129,125,185,226,147,312,177,152,212,70,222,136,178,180,83,134
116,156,126,158,171,125,156,132,94,130,85,123,135,98,154,123,103,137,49,113,103,76,196,110,152,247,110,167,252,26,271,211,150,388,257,195,482,277,269,451,220,353,402,124,152,320,243,280,501,284,405,630,618,543,605,1000,751,540,394,601,625,193,110,221,157,107,152,49,227,220,66,235,224,71,183,134,52,143,62,118,143,73,144,122,60
3,21,10,21,33,9,34,45,15,24,36,22,6,24,38,22,21,54,34,16,46,41,33,24,51,86,38,58,111,69,55,150,151,79,111,127,189,176,103,137,158,83,31,141,58,112,179,184,69,295,375,563,471,286,811,1000,563,300,479,521,355,38,96,176,167,52,131,185,125,48,105,103,84,40,64,101,63,27,84,61,9,55,48,20,22
16,25,13,23,12,25,46,27,25,47,31,6,29,33,16,18,50,44,9,48,45,15,23,40,70,52,46,122,85,17,111,153,84,68,85,148,190,112,107,155,63,174,209,132,250,414,325,234,88,306,496,456,144,483,1000,798,293,313,592,371,39,231,285,228,49,172,242,154,69,131,153,123,64,63,123,94,8,84,80,16,47,59,31,19,36
37,33,15,18,32,22,22,5,10,21,16,14,22,5,8,15,21,19,8,34,36,30,5,49,67,19,109,117,79,93,175,103,47,169,238,143,494,217,283,427,410,587,116,489,743,867,678,622,541,69,80,901,563,207,849,1000,311,338,311,519,491,271,374,307,391,106,68,6,44,51,25,50,63,23,44,49,40,13,27,36,33,22,10,28,20
255,235,235,237,201,219,193,175,145,129,113,94,65,32,20,49,59,101,132,154,187,189,204,242,225,265,273,312,317,358,364,448,482,541,564,494,731,705,521,474,429,332,321,391,133,434,666,456,1000,887,726,801,977,606,423,616,387,411,258,356,426,551,636,418,506,470,427,430,405,336,292,242,230,220,192,190,162,139,137,126,116,116,127,154,135
28,13,21,24,14,28,28,10,31,34,15,23,36,27,17,31,40,31,22,49,52,21,42,58,33,29,54,60,35,63,73,36,22,44,69,110,60,60,155,154,111,298,281,189,265,461,432,325,258,404,504,440,259,671,999,807,230,425,474,256,91,220,202,84,53,60,96,108,44,47,82,55,40,73,57,30,57,58,31,39,39,30,33,25,24
3,39,40,17,30,33,32,35,28,42,46,28,45,56,37,40,55,53,46,51,75,64,48,92,94,41,94,134,82,90,122,94,82,85,125,211,166,116,206,269,227,358,347,323,407,590,651,585,484,583,714,544,433,725,1000,796,289,502,575,369,168,228,324,224,56,142,196,177,89,131,153,101,88,102,95,82,75,74,79,58,58,78,58,44,72
53,58,51,61,63,57,45,37,51,17,22,23,19,24,17,37,23,16,32,25,19,68,33,70,82,93,107,61,128,113,113,147,132,188,220,171,148,563,409,610,372,1000,583,340,157,380,363,495,227,284,455,159,864,492,752,875,612,498,742,784,599,751,356,657,191,345,212,49,211,138,92,161,48,68,112,14,64,47,29,40,33,54,34,45,43
540,550,563,562,561,547,543,528,513,497,484,464,457,450,445,436,430,432,427,420,431,438,438,455,482,527,570,553,571,579,649,635,639,636,678,752,766,615,561,570,554,722,437,604,424,616,594,327,103,490,500,723,1000,310,496,421,369,225,222,283,265,232,233,360,409,437,476,477,545,520,552,558,553,515,515,499,495,489,470,466,440,424,403,380,351
93,130,124,90,126,99,84,119,81,106,125,80,124,114,64,117,74,60,105,33,111,122,54,168,140,59,196,129,74,198,112,128,255,80,207,245,76,228,183,69,141,99,181,327,268,261,487,457,145,430,699,651,487,450,842,1000,726,454,397,345,170,211,263,101,128,226,150,35,165,90,91,185,90,119,207,105,110,172,74,94,125,20,99,89,39
39,34,6,42,36,6,40,33,5,28,23,23,18,17,38,23,17,41,28,28,30,29,50,22,51,88,43,63,112,78,58,107,90,97,95,42,94,107,49,88,67,102,114,165,208,208,228,227,193,254,404,668,519,395,636,1000,663,467,362,473,382,163,99,237,224,106,96,167,149,80,74,93,94,63,50,82,73,14,64,76,28,39,63,38,17
4,42,58,20,23,36,34,43,11,19,58,53,18,29,41,39,38,52,71,28,12,48,88,72,55,71,43,71,52,44,165,139,66,134,272,180,67,231,294,229,354,464,183,514,328,380,583,234,430,243,79,448,378,947,397,1000,270,426,268,176,442,182,236,267,175,87,101,196,116,61,77,115,48,7,55,65,57,51,81,37,5,4,47,64,38
758,775,792,798,805,797,789,772,755,734,699,669,634,614,590,568,565,569,575,592,625,634,673,693,723,739,774,787,841,855,872,857,868,871,906,886,1000,971,950,939,829,764,751,712,831,752,700,680,670,493,167,423,122,213,155,226,529,682,113,308,254,194,374,477,511,618,679,691,727,769,774,788,785,784,769,759,727,704,674,640,606,566,524,505,479
758,775,792,798,805,797,789,772,755,734,699,669,634,614,590,568,565,569,575,592,625,634,673,693,723,739,774,787,841,855,872,857,868,871,906,886,1000,971,950,939,829,764,751,712,831,752,700,680,670,493,167,423,122,213,155,226,529,682,113,308,254,194,374,477,511,618,679,691,727,769,774,788,785,784,769,759,727,704,674,640,606,566,524,505,479
28,52,37,17,47,42,6,38,42,14,19,32,27,24,23,43,46,8,41,62,32,34,63,32,32,85,35,3,37,24,57,148,93,71,130,173,54,236,273,186,300,377,132,180,260,588,790,633,246,71,655,1000,795,275,771,882,835,627,422,757,702,319,132,47,221,240,130,127,192,148,81,139,119,63,83,88,46,44,56,38,37,47,27,41,50
